,date,imoex,SBER,GAZP,LKOH,SBERP,GMKN,NVTK,YNDX,TATN,TATNP,SNGS,POLY,ROSN,TCSG,PLZL,SNGSP,MGNT,MTSS,ALRS,PHOR,PIKK,RUAL,VTBR,NLMK,CHMF,IRAO,MAGN,RTKM,TRNFP,HYDR,AGRO,AFLT,AFKS,MFON,CBOM,FEES,LNTA,LSRG,MTLR,UPRO,TRMK,MVID,QIWI,SELG,MTLRP,NMTP,RSTI,UWGN,MSNG
0,2003-01-01,307.78,6040.0,,450.41,70.36,773.0,,,24.49,14.25,9.445,,,,,6.974,,,,,,,,,,,,36.07,10820.0,,,10.97,,,,,,,,,,,,,,,,,1.113
1,2003-02-01,341.52,6668.0,,472.5,86.85,789.9,,,26.55,15.45,10.125,,,,,7.281,,,,,,,,,,,,42.88,11350.0,,,11.16,,,,,,,,,,,,,,,,,1.341
2,2003-03-01,325.56,6420.0,,431.12,101.1,748.0,,,26.4,14.79,9.199,,,,,6.666,,,,,,,,,,,,40.98,11199.99,,,10.93,,,,,,,,,,,,,,,,,1.582
3,2003-04-01,369.77,7052.0,,536.1,117.1,715.0,,,27.03,15.988,12.32,,,,,7.2,,,,,,,,,,,,43.85,11599.99,,,10.5,,,,,,,,,,,,,,,,,2.15
4,2003-05-01,421.08,8070.0,,560.0,113.2,853.0,,,33.02,15.97,12.73,,,,,7.751,,,,,,,,,,,,55.29,12788.0,,,11.9,,,,,,,,,,,,,,,,,2.111
5,2003-06-01,455.44,8414.0,,598.6,121.38,1051.0,,,28.8,15.37,12.66,,,,,7.75,,,,,,,,,,,,53.04,12430.0,,,11.0,,,,,,,,,,,,,,,,,2.221
6,2003-07-01,430.3,7688.0,,539.1,110.0,1136.0,,,28.34,14.09,11.48,,,,,6.906,,,,,,,,,,,,48.11,10851.0,,,11.1,,,,,,,,,,,,,,,,,1.933
7,2003-08-01,484.0,7765.0,,595.99,114.22,1204.79,,,34.81,17.5,13.17,,,,,8.23,,,,,,,,,,,,53.18,12400.0,,,13.8,,,,,,,,,,,,,,,,,2.113
8,2003-09-01,515.17,8020.0,,625.9,115.9,1512.0,,,33.39,18.0,13.904,,,,,8.65,,,,,,,,,,,,52.3,14005.0,,,15.08,,,,,,,,,,,,,,,,,2.071
9,2003-10-01,468.85,7706.9,,609.5,113.99,1578.5,,,31.4,17.34,14.706,,,,,9.819,,114.0,,,,,,,,,,54.44,14830.0,,,15.62,,,,,,,,,,,,,,,,,2.034
10,2003-11-01,484.73,7544.99,,642.32,107.5,1731.0,,,30.15,16.42,15.625,,,,,10.222,,117.0,,,,,,,,,,56.78,15450.0,,,16.2,,,,,,,,,,,,,,,,,1.898
11,2003-12-01,514.71,7575.0,,677.0,104.5,1900.0,,,32.88,16.68,17.182,,,,,11.38,,113.0,,,,,,,,,,59.9,17299.99,,,19.9,,,,,,,,,,,,,,,,,1.958
12,2004-01-01,551.72,8369.99,,736.0,116.39,2058.8,,,36.77,18.54,16.83,,,,,10.74,,135.7,,,,,,,,,,63.2,19140.0,,,24.0,,,,,,,,,,,,,,,,,2.099
13,2004-02-01,591.09,9840.0,,801.8,128.1,2037.0,,,36.9,21.29,18.43,,,,,12.9,,147.5,,,,,,,,,,68.5,25760.0,,,26.15,,,,,,,,,,,,,,,,,2.319
14,2004-03-01,644.64,12625.0,,886.0,144.43,2148.8,,,39.129,21.654,21.63,,,,,13.826,,177.2,,,,,,,,,,69.34,27065.0,,,26.37,,,,,,,,,,,,,,,,,2.33
15,2004-04-01,561.78,11126.0,,793.77,140.5,1750.0,,,37.122,20.6,18.93,,,,,12.588,,167.0,,,,,,,,,,63.0,24650.0,,,28.7,,,,,,,,,,,,,,,,,2.28
16,2004-05-01,535.4,11344.99,,810.5,140.0,1646.98,,,37.25,19.968,18.5,,,,,12.121,,170.0,,,,,,,,,,59.37,23905.0,,,29.44,,,,,,,,,,,,,,,,,2.37
17,2004-06-01,534.84,11729.0,,763.0,139.25,1596.97,,,38.6,18.651,19.087,,,,,12.87,,179.9,,,,,,,,,,61.73,26094.0,,,29.4,,,,,,,,,,,,,,,,,2.23
18,2004-07-01,502.81,11099.97,,796.49,133.75,1490.0,,,31.9,16.049,19.85,,,,,11.989,,165.61,,,,,,,,,,54.0,23240.0,,,29.45,,,,,,,,,,,,,,,,,2.6
19,2004-08-01,549.28,11472.1,,860.9,135.75,1642.0,,,38.9,18.995,20.365,,,,,12.777,,182.0,,,,,,,,,,59.4,24600.0,,,29.81,,,,,,,,,,,,,,,,,3.34
20,2004-09-01,611.03,12140.0,,912.7,148.0,1858.0,,,46.15,22.98,21.265,,,,,14.18,,210.0,,,,,,,,,,65.7,26100.0,,,29.97,,,,,,,,,,,,,,,,,4.395
21,2004-10-01,632.97,13580.0,,897.01,154.96,1792.0,,,49.4,23.468,22.948,,,,,15.18,,208.2,,,,,,,,,,66.55,27250.0,,,33.5,,,,,,,,,,,,,,,,,4.646
22,2004-11-01,570.76,13758.75,,877.0,149.0,1640.0,,,42.699,21.251,21.061,,,,,15.9,,193.99,,,,,,,,,,60.5,23500.0,,,34.3,,,,,,,,,,,,,,,,,4.16
23,2004-12-01,552.22,13910.05,,833.02,139.5,1507.0,,,41.0,21.75,20.52,,,,,15.1,,193.0,,,,,,,,,,50.26,25100.0,,,35.34,,,,,,,,,,,,,,,,,4.1
24,2005-01-01,575.74,14298.5,,868.0,148.51,1614.0,,,44.55,24.0,21.07,,,,,15.901,,201.0,,,,,,,,,,50.63,26375.0,,,36.23,,,,,,,,,,,,,,,,,4.19
25,2005-02-01,635.38,16296.0,,968.25,170.0,1832.0,,,50.18,25.8,23.198,,,,,18.153,,221.0,,,,,,,,,,60.4,26145.0,,,40.69,,,,,,,,,,,,,,,,,3.791
26,2005-03-01,598.04,16495.0,,945.9,169.75,1639.0,,,44.84,25.995,19.95,,,,,16.5,,196.0,,,,,,,,,,58.6,23998.0,,,43.1,,,,,,,,,,,,,,,,,3.2
27,2005-04-01,593.88,17961.0,,941.5,178.0,1558.87,,,46.55,25.501,19.49,,,,,15.789,,183.0,,,,,,,,,,58.3,22200.0,,,41.35,,,,,,,,,,,,,,,,,2.535
28,2005-05-01,603.89,18499.0,,983.5,183.69,1642.01,,,48.25,25.049,19.4,,,,,14.697,,196.0,,,,,,,,,,57.17,25124.0,,,41.99,,,,,,,,,,,,,,,,,2.35
29,2005-06-01,639.98,19180.0,,1053.97,235.0,1736.5,,,52.912,28.0,21.345,,,,,16.497,,191.0,,,,,,,208.0,,,57.49,26500.0,,,42.29,,,,,,,,,,,,,,,,,2.253
30,2005-07-01,700.65,21861.0,,1184.9,288.87,1968.5,,,59.09,37.497,23.299,,,,,18.626,,205.0,,,,,,,240.9,,,59.67,29600.0,,,42.29,,,,,,,,,,,,,,,,,2.4
31,2005-08-01,784.28,25510.0,,1387.01,383.5,2035.2,,,70.75,46.1,27.3,,,,,21.202,,212.5,,,,,,,236.5,,,64.3,40100.0,,,41.4,,,,,,,,,,,,,,,,,2.335
32,2005-09-01,892.5,27390.0,,1644.0,391.5,2260.01,,,91.008,55.3,30.606,,,,,24.7,,226.49,,,,,,,279.0,,,72.23,49000.0,,,40.8,,,,,,,,,,,,,,,,,3.09
33,2005-10-01,842.52,25379.0,,1570.5,363.49,2093.0,,,91.7,53.9,26.86,,,,,21.401,,207.01,,,,,,,253.8,,,59.9,46100.0,,,36.5,,,,,,,,,,,,,,,,,3.618
34,2005-11-01,944.55,31856.41,,1645.0,476.8,2431.0,,,97.4,60.6,29.561,,,,,24.551,,203.9,,,,,,,264.1,,,65.91,51600.0,,,37.15,,,,,,,,,,,,,,,,,3.519
35,2005-12-01,1011.0,37662.72,,1704.52,639.22,2557.53,,,95.3,61.194,31.04,,,,,25.84,,193.5,,,,,,,289.0,,,64.57,68950.0,,,40.0,,,,,,,,,,,,,,,,,4.115
36,2006-01-01,1171.44,41709.0,219.02,2157.0,764.86,2410.98,,,121.5,78.495,38.601,,,,,29.41,,190.0,,,,,,,332.0,,16.67,63.06,68735.0,,,44.88,,,,,,,,,,,,,,,,,4.253
37,2006-02-01,1320.83,42902.0,218.79,2247.9,768.0,2490.0,,,159.0,93.8,41.09,,,,,32.45,,193.98,,,,,,,358.5,,19.98,93.5,68600.0,,,54.1,,,,,,,,,,,,,,,,,5.431
38,2006-03-01,1299.19,41169.0,230.15,2306.0,724.99,2608.49,,,147.99,87.631,42.172,,,,,32.32,,188.0,,,,,,,383.1,,21.3,89.89,63500.0,,,59.67,,,,,,,,,,,,,,,,,4.871
39,2006-04-01,1486.85,48945.0,310.25,2481.0,809.26,3444.0,,,158.7,92.6,47.368,,,,,36.4,,178.97,,,,,,63.7,376.76,,20.4,96.67,59689.99,,,59.22,,,,,,,,,,,,,,,,,5.102
40,2006-05-01,1281.5,43150.0,283.0,2092.01,719.0,3243.14,,,116.99,79.5,36.351,,,,1352.5,28.47,730.0,161.89,,,,,,60.5,359.0,,20.103,109.5,55800.0,,,47.9,,,,,,,,,,,,,,,,,5.95
41,2006-06-01,1331.39,45950.0,281.83,2249.0,737.0,3495.0,,,105.3,70.16,39.9,,,,1195.0,28.45,608.0,147.0,,,,,,59.8,296.0,,19.933,128.89,,,,47.85,,,,,,,,,,,,,,,,,5.289
42,2006-07-01,1380.24,46400.0,277.88,2325.0,707.08,3630.0,,,134.02,73.95,39.25,,202.6,,1206.0,28.46,730.0,169.7,,,,,,58.2,338.0,,18.83,133.46,,,,50.01,,,,,,,,,,,,,,,,,5.481
43,2006-08-01,1448.72,57193.75,313.45,2256.0,849.8,3610.0,129.39,,140.6,85.3,39.055,,197.7,,1161.0,26.7,1000.0,189.31,,,,,,53.3,337.97,,18.75,127.02,,,,61.0,,,,,,,,,,,,,,,,,5.254
44,2006-09-01,1367.24,58000.02,288.0,2028.0,840.0,3408.0,133.5,,113.5,72.25,35.1,,211.99,,1169.0,23.391,879.0,188.65,,,,,,51.5,313.0,,18.1,134.0,51900.0,,,61.61,,,,,,,,,,,,,,,,,5.128
45,2006-10-01,1426.83,60155.0,282.19,2160.57,992.0,3806.8,155.8,,123.87,71.01,34.2,,229.8,,1275.5,24.067,883.0,202.48,,,,,,56.8,345.5,,20.77,135.79,56500.0,,,60.94,,,,,,,,,,,,,,,,,5.14
46,2006-11-01,1550.71,65430.0,305.5,2343.0,1140.3,3960.0,170.0,,129.0,77.4,36.189,,240.45,,1322.99,24.851,905.0,218.89,,,,,,61.41,314.9,,20.496,166.78,63200.0,,,59.59,,,,,,,,2.048,,,,,,,,,5.07
47,2006-12-01,1693.47,92758.8,302.56,2282.93,1517.63,4087.74,166.4,,122.02,77.31,40.202,,243.88,,1293.43,29.674,984.0,227.69,,,,,,63.45,306.24,,22.946,198.65,59951.0,,,57.29,,,,,,,,2.144,,,,,,,,,5.251
48,2007-01-01,1656.97,87379.99,285.0,2111.99,1460.0,4399.99,146.75,,115.39,71.67,31.95,,234.7,,1318.0,23.0,980.0,250.5,,,,,,64.9,329.4,,22.97,209.7,62700.0,,,74.55,,,,,,,,2.67,,,,,,,,,5.345
49,2007-02-01,1655.19,96705.0,267.42,2081.96,1518.99,4648.0,142.0,,115.69,68.8,31.3,,221.5,,1330.0,21.55,1031.0,238.5,,,,,,70.0,351.5,,24.7,209.99,57500.0,,,69.5,,,,,,,,2.628,,,,,,,,,6.256
50,2007-03-01,1698.08,92500.0,270.98,2239.0,1431.0,4825.0,150.0,,121.93,75.75,32.701,,216.2,,1255.0,21.58,1125.5,254.36,,,,,,75.48,359.16,,27.299,223.6,53890.0,,,74.0,,,,,,,,3.056,,,,,,,,,6.401
51,2007-04-01,1697.28,101800.0,257.49,2046.01,1534.6,4946.0,139.0,,122.0,76.05,33.9,,223.79,,1178.51,20.441,1225.0,249.6,,,,,,71.1,344.51,,25.57,225.39,49100.0,,,74.45,,,,,,,,2.86,236.0,,,,,,,,6.085
52,2007-05-01,1570.34,91800.0,236.0,1960.0,1380.0,4809.0,125.5,,114.31,65.0,28.25,,205.37,,1004.0,17.634,1083.0,243.76,,,,,0.1448,69.99,335.0,,24.39,226.31,40300.0,,,63.97,,,,,,,,2.401,234.42,,,,,,,,6.038
53,2007-06-01,1665.96,100019.88,267.74,1969.0,1520.0,5359.0,132.1,,118.0,67.71,27.9,,204.79,,1081.0,17.25,1129.0,255.0,,,657.0,,0.1409,76.5,361.98,,26.05,244.57,42800.0,,,73.89,,,,,,,,3.023,237.32,,,,,,,,6.06
54,2007-07-01,1734.42,105.5,275.6,2058.2,78.2,5702.98,139.0,,127.88,74.1,29.24,,213.62,,1017.0,17.508,1191.0,265.3,,,800.0,,0.1367,82.5,448.0,,29.11,242.95,46900.0,,,69.99,,,,,,,,3.04,257.0,,,,,,,,5.823
55,2007-08-01,1677.02,97.39,265.8,1907.0,70.22,5715.0,130.0,,129.2,71.5,32.16,,211.8,,1026.0,16.65,1058.0,280.1,,,714.0,,0.12,82.3,440.95,,28.501,253.05,38235.01,,,69.81,,,,,,,,3.119,247.0,,,,,,,,6.065
56,2007-09-01,1759.44,103.5,274.2,2081.8,69.45,6363.0,130.9,,138.82,74.95,33.9,,213.12,,1096.37,17.537,1042.5,287.5,,,710.0,,0.1149,85.41,523.99,,28.8,262.7,45150.0,,,77.3,34400.0,,,,,,,3.151,259.67,,,,,,,,6.259
57,2007-10-01,1874.73,106.48,306.68,2237.01,73.03,7270.0,141.0,,152.5,80.19,32.301,,217.09,,1128.0,16.65,1155.0,337.5,,,699.97,,0.1193,101.0,584.01,,32.24,243.49,48049.99,,,85.17,37500.0,,,,,,,3.191,308.0,,,,,,,,6.378
58,2007-11-01,1850.64,103.74,323.39,2115.0,72.75,6922.01,156.97,,145.95,78.65,28.399,,221.07,,1052.0,15.79,1145.0,361.6,,,727.99,,0.1125,97.0,564.1,,32.5,263.34,46400.0,,,87.05,38299.98047,,,,,1768.0,,3.241,272.95,149.0,,,,6.7,,,5.98
59,2007-12-01,1888.86,102.0,342.88,2067.1,69.97,6460.0,184.8,,148.0,87.0,29.501,,231.7,,1127.01,15.55,1270.0,377.5,,,739.97,,0.1259,99.51,559.49,,31.5,288.62,48800.0,,,92.9,40.8,,,,,1787.0,,3.265,271.0,178.38,,,,6.32,,,5.93
60,2008-01-01,1574.33,87.89,290.95,1668.0,52.75,5690.0,159.39,,118.6,67.79,22.79,,172.0,,1242.12,11.305,1147.0,310.0,,,675.0,,0.0986,88.0,509.3,,25.057,275.7,40400.0,,,90.0,38.699,,,,,,,3.2,224.99,162.0,,,,5.13,,,5.577
61,2008-02-01,1660.42,80.2,304.95,1786.0,49.9,6955.0,180.2,,150.11,78.2,22.1,,196.04,,1320.49,12.2,1226.0,307.9,,,714.95,,0.0908,112.7,624.0,,28.79,281.46,34015.01,,,105.56,38.2,,,,,1650.0,,2.92,216.0,172.02,,,,5.485,,,5.65
62,2008-03-01,1628.43,73.48,297.61,1999.99,47.49,6620.0,188.32,,152.4,79.2,22.039,,211.21,,1198.0,11.603,1121.0,300.45,,,572.0,,0.0855,100.0,527.0,,29.0,287.0,33035.0,,,99.41,33.75,,,,,1774.0,,2.7,185.8,175.0,,,,4.7,,,4.916
63,2008-04-01,1667.35,77.1,312.49,2137.0,47.94,6408.0,180.88,,151.91,82.5,23.069,,231.2,,1270.69,11.45,1038.0,282.1,,,675.0,,0.0884,111.8,590.01,,31.8,275.96,28914.01,,,101.89,31.5,,,,,1750.0,,2.025,192.49,183.84,,,,4.8,,,4.1
64,2008-05-01,1925.24,85.2,360.09,2659.9,53.95,6980.03,211.01,,189.41,90.0,29.097,,286.9,,1489.99,14.106,1220.0,303.75,,,680.0,,0.0973,115.98,618.0,,30.87,271.9,36489.99,2.115,,95.61,35.8,,,,,1900.0,,1.995,195.49,203.0,,,,5.1,,,4.385
65,2008-06-01,1753.67,74.29,341.0,2323.0,45.22,5905.0,200.5,,176.26,85.5,25.92,,272.6,,1344.26,12.533,1110.0,273.21,,,620.99,,0.0813,132.41,608.0,,31.65,284.3,31750.0,1.838,,78.0,34.349,,,,,1635.0,,1.97,203.03,194.99,,,,5.5,,,4.459
66,2008-07-01,1495.33,69.09,277.89,1922.0,40.6,4965.89,178.7,,140.15,70.79,20.719,,247.4,,985.13,9.133,1059.93,264.8,,,540.01,,0.0805,104.8,442.0,0.0539,25.124,281.89,29110.0,1.52,,71.91,27.21,,,0.305,,1538.96,,1.375,185.0,163.0,,,,4.2,,,3.13
67,2008-08-01,1348.92,57.4,242.34,1832.3,33.01,4816.0,176.0,,129.0,64.31,17.5,,209.0,,782.0,8.87,984.0,256.99,,,445.0,,0.0676,95.1,417.15,0.0378,24.0,282.39,25210.0,1.679,,68.7,25.25,,,0.33,,1150.0,,1.5,161.99,138.0,,,,3.42,,,2.49
68,2008-09-01,1027.66,43.69,198.0,1520.0,24.8,3479.0,116.99,,90.45,47.45,13.44,,171.39,,775.0,6.998,858.0,223.6,,,139.5,,0.0505,51.01,271.99,0.0288,14.4,183.0,16745.0,0.88,,63.15,16.6,,,0.156,,1118.88,,1.08,149.07,69.0,,,,2.4,,,1.51
69,2008-10-01,731.96,27.77,133.5,1033.0,12.06,2709.6,99.0,,40.74,22.58,17.5,,123.6,,592.33,6.144,408.0,134.0,,,97.92,,0.0419,25.0,89.99,0.0059,6.179,220.4,9049.99,0.51,,60.14,6.297,,,0.087,,797.68,,0.409,50.0,23.77,,,,1.733,,,0.86
70,2008-11-01,611.32,23.21,118.36,879.79,9.95,2020.54,58.19,,46.2,20.86,17.6,,108.5,,516.0,5.56,370.0,109.1,,,46.0,,0.0317,28.78,86.23,0.0072,6.61,204.49,6984.0,0.69,,50.09,5.1,,,0.162,,138.0,,0.336,24.7,26.0,,,,1.799,,,1.17
71,2008-12-01,619.53,22.79,107.63,961.6,9.06,1967.07,48.49,,55.26,20.35,16.417,,110.29,,760.13,6.094,475.13,111.66,,,28.0,,0.0334,30.15,84.65,0.0064,5.71,265.0,6925.43,0.601,,27.39,4.497,,,0.123,,122.0,113.4,0.378,29.65,25.5,,,,3.3,0.86,,0.949
72,2009-01-01,624.9,16.44,114.7,1166.98,7.49,1487.01,65.49,,58.99,26.63,15.362,,111.16,,1023.0,7.292,506.9,111.0,,,22.35,,0.022,33.5,90.04,0.0059,6.429,309.01,6599.9,0.592,,23.3,5.2,,,0.085,,130.0,95.13,0.367,34.3,25.3,,,,2.291,0.669,,0.881
73,2009-02-01,666.05,14.27,116.5,1152.0,7.94,1704.99,81.6,,66.81,32.5,20.199,,126.1,,1222.0,8.293,595.0,123.37,,,22.95,,0.0196,35.75,130.12,0.007,7.186,287.99,7080.0,0.587,,26.56,5.399,,,0.134,,116.0,134.97,0.42,37.81,27.85,,,,2.075,0.9,,0.87
74,2009-03-01,772.93,20.85,126.4,1264.99,10.06,2067.03,78.61,,79.8,31.65,21.22,,146.59,,1507.93,8.317,783.0,143.6,,,44.9,,0.028,41.77,116.46,0.009,8.101,299.99,9300.0,0.752,,39.65,7.501,,,0.149,,152.0,146.89,0.485,38.65,31.69,,,,1.951,1.028,,0.889
75,2009-04-01,920.35,27.8,147.82,1481.99,15.35,2775.0,108.2,,100.18,43.6,23.5,,176.99,,1373.89,10.18,1094.97,164.64,,,60.9,,0.0315,50.53,135.0,0.0115,10.44,309.5,13538.51,0.908,,33.96,8.67,,,0.221,,313.06,186.96,0.871,65.7,61.0,,,,2.67,1.29,,1.621
76,2009-05-01,1123.38,44.13,178.1,1641.05,24.65,3480.0,141.72,,146.9,43.2,25.847,,206.51,,1407.0,9.78,1125.0,175.6,,,59.47,,0.0446,59.3,173.14,0.0175,14.749,224.0,16750.0,1.253,,35.15,14.5,,,0.28,,368.94,283.0,1.22,63.48,68.9,,,,3.86,1.719,,1.839
77,2009-06-01,971.55,38.08,155.79,1379.0,25.42,2820.0,127.96,,126.5,37.76,21.068,,168.0,,1149.99,8.819,1175.0,162.65,,,42.1,,0.0344,62.65,165.54,0.0233,14.01,161.45,15105.0,1.171,,33.87,11.75,,,0.268,,318.94,241.5,1.01,77.05,69.31,,,,3.999,1.55,,1.436
78,2009-07-01,1053.3,42.39,162.52,1570.0,26.56,3169.9,121.2,,128.47,42.2,24.367,,191.0,,1189.9,9.782,1310.0,176.7,,,53.89,,0.0426,80.01,213.78,0.0233,18.65,158.84,15500.0,1.1,,31.43,13.4,,,0.226,,390.0,293.0,1.116,82.01,79.77,,,,5.18,1.74,,1.799
79,2009-08-01,1091.98,47.45,163.1,1580.02,27.84,3385.0,118.4,,126.59,43.69,26.045,,198.3,,1187.99,10.95,1585.0,182.0,,,57.34,,0.0433,74.1,225.41,0.0234,20.877,163.83,20399.99,1.101,,32.35,14.0,,,0.268,,438.95,348.0,1.26,86.5,94.17,,,,4.67,1.79,,2.007
80,2009-09-01,1197.2,59.85,175.0,1637.0,37.0,3732.5,127.35,,126.18,46.0,25.712,,227.2,,1341.2,11.208,1800.0,203.0,,,115.0,,0.0554,76.22,235.01,0.0285,21.26,144.99,24400.0,1.043,,45.5,15.999,,,0.352,,589.98,477.0,1.347,111.03,122.01,,,,4.547,3.02,,2.796
81,2009-10-01,1237.18,64.61,175.9,1704.83,43.91,3861.1,134.62,,125.73,55.85,25.576,,222.9,,1505.0,12.3,1748.0,203.49,,,114.59,,0.0582,76.4,213.99,0.03,21.2,192.0,24650.0,1.027,,39.88,18.399,,,0.314,,505.0,450.99,1.512,132.98,113.99,,,,4.42,3.444,,2.638
82,2009-11-01,1284.95,69.21,166.49,1686.86,56.5,4049.83,159.55,,138.25,64.92,25.89,,233.81,,1571.01,13.182,1805.0,219.3,,,118.0,,0.0619,87.6,223.0,0.0295,23.23,180.59,21449.99,1.131,,43.7,22.499,,,0.37,,526.94,454.08,1.499,123.9,101.99,,,,4.44,3.488,,2.821
83,2009-12-01,1370.01,82.94,183.09,1693.38,69.0,4235.74,170.1,,139.86,76.35,26.834,,252.01,,1587.05,14.605,2162.0,220.98,,,123.45,,0.0695,91.84,253.1,0.0483,25.052,148.53,23570.16,1.135,,52.5,23.847,,,0.319,,578.0,487.0,1.62,128.91,116.99,,,,4.837,3.316,,3.275
84,2010-01-01,1419.42,88.41,186.44,1686.73,72.72,4711.33,185.45,,144.0,76.7,25.655,,236.25,,1494.0,14.43,2067.0,233.1,,,158.78,,0.0754,94.51,351.43,0.0482,29.3,147.79,25390.0,1.3,,56.48,27.2,,,0.341,,739.0,578.2,1.867,144.55,150.85,,,,4.7,4.056,,3.727
85,2010-02-01,1332.64,76.3,167.61,1574.0,64.58,4590.0,167.74,,140.98,82.95,24.4,,231.2,,1470.08,14.969,1920.07,234.99,,,151.4,,0.0738,92.39,342.05,0.0409,30.239,143.99,23623.99,1.28,,55.5,26.95,,,0.304,,930.0,671.7,1.7,132.8,159.02,,,,4.408,4.239,,3.53
86,2010-03-01,1450.15,85.8,171.5,1670.5,66.52,5430.0,193.09,,145.91,86.75,28.89,,233.56,,1447.98,16.525,2570.0,253.7,,,159.0,,0.0807,101.16,397.0,0.0548,27.751,148.1,33927.08,1.555,,68.01,29.896,,,0.372,,1079.01,835.0,2.239,150.5,158.75,,,,5.338,4.895,,3.96
87,2010-04-01,1436.04,78.6,170.0,1670.48,58.75,5652.9,198.0,,145.0,92.0,29.0,,237.19,,1381.85,15.699,2560.0,266.99,,,155.79,,0.0788,106.3,390.7,0.0511,31.024,123.81,31826.01,1.687,,62.17,30.23,,,0.366,,1062.0,758.97,2.288,153.5,167.76,,,,5.35,4.611,,3.503
88,2010-05-01,1332.62,71.0,159.84,1523.06,55.75,5018.89,199.99,,140.2,72.48,28.39,,228.86,,1490.02,13.327,2721.0,233.0,,,133.13,,0.0741,93.12,344.5,0.0487,26.017,105.5,26695.0,1.673,,57.1,28.65,,,0.342,,889.79,691.64,2.62,130.38,147.9,,,,4.82,4.145,,3.35
89,2010-06-01,1309.31,76.5,149.1,1615.0,55.7,4495.0,209.4,,140.0,68.76,27.9,,192.9,,1629.99,13.637,2661.51,236.7,,,107.99,,0.0754,82.0,307.94,0.0455,22.5,111.6,27075.55,1.518,,57.34,26.081,,,0.343,,790.0,599.99,2.425,117.0,188.96,,,,4.61,3.299,,2.9
90,2010-07-01,1397.12,84.56,162.85,1720.0,56.85,4970.0,218.5,,146.94,72.77,30.792,,203.19,,1381.84,13.799,2970.0,240.5,,,108.26,,0.0814,94.0,358.0,0.0428,24.87,110.75,34278.0,1.577,,60.68,26.178,,,0.336,,849.0,674.0,2.4,124.31,201.0,,,,4.725,4.17,,3.082
91,2010-08-01,1368.9,78.31,159.15,1629.99,55.87,5190.0,216.0,,142.0,69.99,28.948,,196.36,,1411.01,12.846,3000.0,249.22,,,108.38,,0.0793,90.03,372.6,0.0409,25.9,123.5,32850.0,1.582,,61.1,26.07,,,0.352,,850.0,697.98,2.381,119.58,196.0,,,,4.524,3.882,,3.123
92,2010-09-01,1440.3,86.08,160.0,1733.04,61.11,5196.04,235.0,,146.56,74.0,29.311,,203.52,,1413.0,14.56,3590.0,250.7,,,117.49,,0.0878,109.26,450.04,0.0514,30.05,133.52,33800.0,1.569,,66.63,27.895,,,0.371,,822.0,764.99,2.685,130.52,195.9,,,,3.889,4.69,,3.524
93,2010-10-01,1523.39,101.36,168.89,1734.13,69.91,5584.3,248.82,,148.1,76.1,30.27,,216.01,,1537.5,15.481,3606.0,250.2,,,115.6,,0.1012,107.0,421.5,0.0463,29.4,136.62,36835.2,1.586,,76.8,27.191,,,0.371,,841.53,715.2,2.565,152.18,237.47,,,,3.773,5.349,,3.284
94,2010-11-01,1565.52,101.51,174.2,1735.0,74.3,6053.03,268.5,,148.47,77.74,29.603,,207.77,,1775.0,14.42,3631.0,254.1,,,117.4,,0.1,117.59,446.21,0.048,31.198,139.24,41000.0,1.651,,80.0,26.301,,,0.366,,880.0,744.0,2.99,156.5,257.68,,,,3.95,5.36,,3.15
95,2010-12-01,1687.99,104.18,193.5,1742.0,75.1,7165.0,334.05,,148.7,86.65,32.25,,218.85,,1930.0,15.738,4079.98,259.88,,,122.89,,0.101,144.54,519.85,0.0481,32.9,155.75,37795.0,1.649,,79.99,27.249,,,0.369,,1028.0,881.5,2.965,153.88,266.75,,,,4.11,5.377,,3.221
96,2011-01-01,1723.42,105.9,196.98,1834.99,71.35,7470.0,310.98,,161.89,95.15,33.409,,255.0,,1784.34,17.199,3902.01,249.8,,,125.24,,0.107,128.09,540.1,0.0475,33.37,165.75,38698.99,1.49,,77.7,27.9,,,0.443,,1091.6,924.0,2.909,150.49,274.0,,,,4.18,5.609,,3.065
97,2011-02-01,1777.84,102.1,210.71,2038.03,70.7,6993.0,385.0,,173.99,102.21,33.23,,271.68,,1693.1,17.099,3789.99,247.25,,,144.49,,0.1012,131.5,548.99,0.0432,32.113,155.05,40900.0,1.478,,73.18,29.873,,,0.421,,1225.93,908.0,2.563,143.43,273.0,,,,3.935,4.975,,3.03
98,2011-03-01,1813.59,106.65,229.09,2032.7,73.0,7463.0,377.83,,183.07,104.39,30.816,,259.99,,1702.1,17.27,3983.4,259.48,,,126.68,,0.0987,125.1,557.4,0.04167,31.964,171.81,41821.0,1.4305,,73.16,34.0,,,0.407,,1175.0,889.0,2.77,148.5,272.0,,,,3.845,4.833,,2.9548
99,2011-04-01,1741.84,100.0,231.78,1895.1,67.15,7656.0,357.99,,178.95,105.8,28.7,,243.6,,1954.0,16.01,3646.6,255.77,,,116.5,,0.0886,106.79,501.6,0.03526,27.08,165.82,40440.0,1.39,,68.52,31.75,,,0.3619,,1090.0,780.0,2.44,139.02,264.0,,,463.0,3.4348,4.16,,2.725
100,2011-05-01,1666.3,97.59,204.02,1850.0,66.04,7001.0,366.01,,161.94,82.56,26.661,,242.15,,1910.0,14.09,3930.0,235.49,,,111.65,,0.0868,103.45,506.6,0.0336,25.5,160.6,39192.0,1.3601,,72.77,31.6,,,0.333,,1029.0,756.0,2.2408,132.25,256.0,,,437.0,3.4656,3.633,,2.56
101,2011-06-01,1666.59,100.0,203.87,1777.3,75.1,7295.0,344.91,,179.39,90.27,27.571,,236.1,,1739.4,13.962,3759.9,230.05,,,107.37,,0.08596,108.3,513.0,0.03731,24.6,188.39,40240.0,1.3375,,69.25,31.2,,,0.37193,,970.0,696.8,2.5087,130.11,250.0,,,424.0,3.368,3.66,,2.4999
102,2011-07-01,1705.18,101.75,199.44,1848.0,82.63,7401.0,398.54,,184.2,95.33,27.771,,235.8,,1608.3,14.161,3955.0,240.5,,11921.0,108.0,,0.08323,103.86,533.9,0.03987,23.99,203.11,43917.0,1.381,,70.08,32.85,,,0.37853,,987.9,684.5,2.7256,122.45,267.98,,,440.89,3.112,3.521,,2.5671
103,2011-08-01,1546.05,84.93,178.08,1739.2,71.0,7212.0,373.1,,157.5,84.17,24.5,,228.0,,1824.2,13.996,3185.0,218.62,,11000.0,108.98,,0.07501,87.46,448.0,0.03491,17.87,188.0,39532.0,1.2469,,56.87,25.799,,,0.29202,,719.9,531.1,2.3775,91.01,219.0,,,353.0,2.7289,2.9,,2.285
104,2011-09-01,1366.54,70.44,155.9,1637.6,54.47,7013.0,363.21,,135.49,75.26,26.2,,190.28,,1853.3,13.88,2765.6,177.13,,11683.0,103.01,,0.06697,66.1,340.1,0.03362,12.007,148.64,32560.0,1.0471,,52.25,20.574,,,0.24,,520.5,338.8,2.05,74.63,214.0,,16.17,250.99,3.0,2.212,,1.9453
105,2011-10-01,1498.6,81.88,179.2,1758.1,63.88,5970.0,396.84,,151.35,84.1,26.211,,217.82,,1840.0,15.269,3293.4,193.9,,11256.0,90.9,,0.07337,82.08,443.0,0.0376,14.555,155.55,38996.0,1.1416,,56.55,23.6,,,0.28247,,610.5,405.6,2.3382,96.45,226.0,,17.3,266.99,3.2099,2.84,,1.9298
106,2011-11-01,1499.62,87.55,174.9,1722.0,67.5,5431.0,419.8,,164.18,97.0,29.485,,223.13,,1429.0,16.7,2985.0,211.67,54.6,9750.0,82.22,,0.0674,73.3,423.0,0.03378,14.01,161.39,50600.0,1.1992,,50.43,26.281,,,0.34688,,530.1,329.0,2.3488,85.74,209.95,,15.4,247.0,3.2798,3.067,,2.069
107,2011-12-01,1402.02,79.4,171.36,1701.0,59.24,4929.0,393.71,,158.4,88.02,25.28,,213.8,,1020.2,16.451,2826.0,183.18,31.0,8197.0,77.4,,0.0587,62.8,363.8,0.03488,12.363,152.2,49600.0,0.9658,,50.22,23.31,,,0.2811,,458.3,271.9,2.139,72.8,181.39,,10.256,202.9,3.1799,2.3,,1.71
108,2012-01-01,1510.91,90.17,183.8,1766.3,66.0,5814.0,391.71,,177.55,99.0,28.407,,224.83,,1022.9,18.75,3261.3,213.37,29.8,8601.0,73.66,,0.07053,74.1,438.7,0.0329,13.915,149.0,57502.0,1.1503,,50.01,25.767,,,0.316,,605.0,336.0,2.44,88.05,218.48,,9.947,232.0,2.877,2.77,,1.8019
109,2012-02-01,1594.32,100.19,194.09,1875.1,75.95,5779.0,399.14,,194.45,103.33,30.35,,225.99,,1318.7,19.991,3650.0,223.97,32.109,10013.0,81.0,,0.07247,70.18,448.1,0.0357,14.67,147.0,54500.0,1.1871,,50.6,28.12,,,0.3469,,650.1,330.0,2.6299,100.0,252.0,,10.75,235.49,2.765,2.97,,1.844
110,2012-03-01,1518.29,94.86,181.3,1781.4,77.8,5400.0,392.0,,196.33,101.4,28.8,,210.19,,1197.9,20.8,3647.0,229.04,31.095,959.8,74.71,,0.06695,61.78,392.8,0.03081,13.4,143.73,57411.0,1.0861,,47.58,25.777,,,0.3131,,711.9,269.9,2.86,91.1,250.0,,11.397,205.0,2.9893,3.31,,1.8401
111,2012-04-01,1474.14,93.95,169.27,1794.3,68.64,5208.0,378.5,,180.77,95.23,28.855,,210.28,,1084.7,19.57,3690.0,233.5,29.998,897.0,71.0,,0.0632,63.59,400.3,0.0273,12.415,136.66,55146.0,1.0403,,48.8,24.5,,,0.26832,,675.0,260.8,2.655,91.9,264.29,,10.551,197.16,3.2,2.694,,1.777
112,2012-05-01,1312.24,81.69,147.03,1720.0,60.9,4928.0,290.1,,165.79,82.11,24.82,,208.57,,1008.2,15.951,3296.0,225.92,22.787,886.0,75.96,,0.05307,52.73,367.0,0.0282,9.25,105.44,44004.0,0.798,,43.9,23.919,,,0.1715,,554.9,180.7,2.232,90.34,220.14,,12.0,158.65,3.03,1.5,,1.3727
113,2012-06-01,1386.89,86.39,153.76,1801.7,62.52,5376.0,326.35,,180.2,84.47,26.748,,204.32,,1033.0,18.63,3894.9,234.5,24.3,1143.0,73.85,,0.05707,52.5,378.8,0.02805,9.251,116.5,47000.0,0.788,,43.41,24.89,,,0.19567,,560.0,206.0,2.35,86.5,222.7,,11.0,154.67,2.7596,1.762,,1.3932
114,2012-07-01,1406.36,89.73,150.75,1828.0,63.3,5002.0,347.0,,197.4,93.12,27.207,,195.5,,980.3,18.68,4135.2,247.08,25.5,1200.1,72.9,,0.05303,53.25,363.0,0.0265,9.434,111.5,51550.0,0.8197,,41.78,26.52,,,0.2275,,569.4,197.2,2.5599,97.97,265.98,,11.0,152.14,3.1996,1.779,,1.2399
115,2012-08-01,1422.38,93.16,157.4,1837.4,68.47,4774.0,364.2,,195.77,99.01,27.881,,192.8,,971.1,20.82,4181.0,241.16,24.47,1241.0,72.75,,0.0534,55.89,369.4,0.02591,9.378,123.45,52666.0,0.817,,42.6,26.154,,,0.19988,,553.7,190.5,2.6066,95.67,285.01,,9.999,152.92,2.98,1.728,,1.2001
116,2012-09-01,1459.01,90.99,157.75,1922.3,66.25,4950.0,347.99,,201.32,104.1,28.163,,210.92,,1031.1,20.897,4164.9,229.89,24.146,1258.7,70.46,,0.05307,62.4,394.6,0.02677,11.1,134.4,57000.0,0.8545,,43.45,24.35,,,0.23234,,565.9,217.1,2.73,98.37,259.98,,10.492,157.28,2.8097,2.359,,1.3865
117,2012-10-01,1423.46,91.79,144.9,1904.0,66.09,4830.0,340.28,,197.48,102.16,27.23,,232.7,,991.0,19.402,4460.0,230.7,22.78,1288.0,69.23,,0.0545,58.94,383.9,0.0253,10.437,123.51,62850.0,0.7707,,39.91,23.402,,,0.20456,,590.0,202.0,2.5671,96.0,248.0,,9.73,136.89,2.8083,1.855,,1.3812
118,2012-11-01,1405.19,91.41,138.67,1939.4,66.0,4811.0,331.97,,195.04,104.29,26.079,,243.88,,935.0,19.365,4495.0,231.73,23.1,1279.2,65.2,,0.05193,62.38,352.0,0.02508,10.793,108.94,65500.0,0.7355,,42.86,24.69,655.0,,0.2085,,570.0,192.2,2.36,95.5,218.8,,9.995,125.0,2.81,2.007,,1.2905
119,2012-12-01,1477.87,92.94,143.7,2000.2,67.3,5603.0,346.1,,218.0,106.05,26.8,,270.01,,907.0,19.952,4786.4,246.0,30.0,1246.9,67.5,,0.05359,61.2,369.1,0.02483,10.419,120.4,69015.0,0.7335,,44.99,25.49,723.0,,0.20104,,562.6,204.9,2.6199,91.86,242.97,,8.699,119.2,2.85,1.957,,1.3344
120,2013-01-01,1547.18,109.59,142.09,2020.1,78.11,5986.0,333.81,,221.99,106.6,31.514,,267.15,,1252.0,22.831,5640.0,255.12,29.929,1227.7,66.15,,0.05582,63.51,377.2,0.02463,10.791,120.99,70700.0,0.7553,,53.55,26.485,811.8,,0.21649,,706.3,198.2,2.7445,94.11,265.31,,8.01,118.7,3.1803,2.195,,1.5498
121,2013-02-01,1487.46,104.57,137.4,1963.0,74.34,5404.0,328.5,,200.3,108.0,28.692,,244.01,,1045.1,22.531,5704.8,267.73,32.6,1241.4,65.64,,0.05588,58.87,341.1,0.0216,9.884,122.72,68625.0,0.6884,,53.0,26.678,864.0,,0.19008,,664.9,172.5,2.78,96.0,258.7,,7.707,106.18,3.5212,1.919,,1.43
122,2013-03-01,1440.02,98.86,134.08,1998.5,75.12,5249.0,314.9,,206.94,108.95,27.818,,238.66,,1048.7,21.69,5934.9,276.43,31.666,1282.5,60.3,,0.0497,49.05,279.7,0.0179,8.359,122.05,67193.0,0.6136,,52.99,25.6,962.0,,0.1612,,577.0,154.1,2.625,83.72,247.0,,7.347,85.49,3.3922,1.738,,1.2834
123,2013-04-01,1386.69,99.11,124.15,1972.5,72.38,5160.0,292.28,,199.23,104.5,26.75,,214.38,,967.0,21.958,6640.0,274.0,31.23,1283.9,61.59,,0.04929,51.71,262.0,0.01289,7.33,116.66,62814.0,0.5568,,53.9,26.499,949.3,,0.121,,557.3,124.5,2.4689,82.23,246.97,,7.49,63.55,2.8254,1.347,,1.2253
124,2013-05-01,1343.99,99.05,123.4,1878.0,72.6,4645.0,320.99,,180.42,95.0,24.3,,211.5,,942.8,19.443,7169.0,255.34,32.15,1240.2,63.13,,0.046,44.7,263.7,0.01324,7.23,101.0,67350.0,0.4698,,52.3,26.8,991.6,,0.1212,,524.5,109.3,2.5251,74.1,245.12,,6.901,62.32,2.8144,1.137,,1.1852
125,2013-06-01,1331.24,93.68,109.1,1890.4,69.96,4756.0,353.0,,196.45,95.99,25.923,224.9,227.8,,827.5,20.649,7560.0,261.45,34.0,1200.0,63.73,,0.04701,43.29,209.8,0.01301,7.55,88.17,71781.0,0.5049,,56.7,28.159,1013.7,,0.10198,,550.0,95.6,2.3737,79.0,237.98,,7.199,53.21,2.8149,1.09,,1.0697
126,2013-07-01,1377.6,95.23,128.61,1950.0,74.62,4439.0,356.0,,202.56,99.9,26.134,322.55,234.5,,856.4,21.614,8025.1,273.54,33.399,970.0,71.6,,0.04661,47.84,247.0,0.01236,7.695,110.72,78703.0,0.5714,,57.36,29.799,1044.0,,0.1113,,619.5,97.3,2.6605,85.5,266.79,,6.9,54.2,2.9983,1.089,,1.127
127,2013-08-01,1364.54,88.23,131.9,1924.5,70.0,4370.0,361.45,,208.74,103.91,26.072,392.5,246.33,,904.9,22.5,7435.0,287.98,33.05,920.0,65.99,,0.0445,53.48,275.9,0.01183,8.029,100.51,76501.0,0.5405,,48.82,30.288,1120.0,,0.10597,,570.0,96.9,2.4824,82.26,267.0,,6.115,53.38,3.5,1.015,,1.093
128,2013-09-01,1463.13,97.86,144.15,2054.9,74.7,4688.0,386.01,,212.92,110.64,28.429,344.0,263.71,,893.0,23.397,8213.0,323.0,36.0,969.3,63.73,,0.04267,52.14,282.9,0.01109,7.928,101.61,84950.0,0.5397,,54.44,34.18,1146.2,,0.09883,,564.0,102.8,2.515,83.66,267.0,,6.182,53.6,3.4784,0.95,,1.0378
129,2013-10-01,1509.62,102.74,150.4,2102.4,82.98,4856.0,410.95,,220.54,118.0,28.189,308.02,254.0,,851.2,23.851,8651.1,340.0,36.219,970.0,63.04,,0.04435,54.96,280.5,0.00936,7.925,117.42,82190.0,0.5636,,57.4,35.75,1156.3,,0.09832,,585.3,104.2,2.49,91.5,273.99,1400.0,4.917,48.93,3.4911,0.864,,0.918
130,2013-11-01,1479.35,103.07,143.1,2042.8,84.85,4984.0,398.98,,203.09,117.39,27.398,291.03,238.49,,810.0,23.583,9160.0,313.05,34.914,963.8,63.9,,0.04628,53.75,301.9,0.00779,7.74,106.53,84602.0,0.571,,60.42,39.15,1066.4,,0.07975,,573.0,59.3,2.365,93.83,293.99,1790.0,3.83,35.3,3.0049,0.689,,0.8077
131,2013-12-01,1503.39,101.17,138.75,2039.7,80.21,5399.0,399.01,,208.22,121.7,28.364,309.26,251.6,,778.5,25.9,9240.0,328.29,35.67,950.0,70.5,,0.04966,55.18,319.5,0.01,7.396,110.98,85900.0,0.5675,,83.7,44.8,1107.4,,0.09016,,610.8,66.5,2.3333,93.83,298.0,1785.0,4.8,35.59,2.83,0.777,,0.8746
132,2014-01-01,1454.05,94.7,145.16,1989.0,75.09,5378.0,393.45,,195.49,122.5,26.945,333.85,245.0,,705.0,25.35,8395.0,287.87,36.5,1070.0,67.0,,0.04544,51.79,283.5,0.01054,7.0,110.57,80182.0,0.554,,83.0,41.56,1040.7,,0.08398,,551.0,61.6,2.3105,94.76,232.68,1269.9,5.144,32.74,2.8331,0.729,,0.8216
133,2014-02-01,1444.71,91.16,139.2,1963.0,75.44,5980.0,411.09,,211.19,127.32,27.35,381.22,243.95,,719.9,26.919,8760.0,276.2,38.73,1211.0,82.4,,0.04213,48.16,297.7,0.0098,6.244,99.0,81190.0,0.5595,,70.61,41.001,1053.0,,0.07025,,567.9,39.9,2.3065,90.25,238.0,1730.0,5.136,24.4,2.7501,0.663,,0.8309
134,2014-03-01,1369.29,83.8,135.5,1960.0,67.3,5865.0,351.0,,200.0,115.86,25.854,366.71,234.53,,578.4,25.45,8100.0,271.0,36.063,1186.1,80.84,,0.0396,44.02,266.5,0.008,5.621,82.25,76299.0,0.559,,55.2,35.7,988.0,,0.07699,345.0,456.3,38.4,2.3803,76.29,213.27,1210.0,5.005,23.88,2.3399,0.529,,0.7799
135,2014-04-01,1306.01,72.5,128.77,1880.1,60.16,6405.0,341.4,,203.39,121.86,24.9,335.06,222.62,,531.2,24.8,7066.8,258.5,36.812,1250.3,82.31,,0.03865,41.04,248.9,0.00732,5.823,76.65,78880.0,0.557,,50.92,37.125,924.0,,0.05514,342.5,486.1,37.5,2.4969,69.6,217.75,1039.6,4.509,25.74,2.4103,0.421,,0.7265
136,2014-05-01,1432.03,84.5,141.7,1968.0,68.65,6656.0,370.0,,202.1,126.0,25.089,309.02,226.0,,518.3,26.0,8810.0,282.5,41.3,1214.0,93.98,,0.0479,47.0,294.5,0.00952,6.703,82.8,79894.0,0.6861,,55.15,43.39,1019.3,,0.05757,414.5,595.9,47.5,2.757,79.5,255.0,1525.2,5.32,24.57,2.3609,0.517,,0.8044
137,2014-06-01,1476.38,84.5,148.96,2036.0,69.0,6719.0,420.0,1218.0,221.88,131.5,26.436,328.12,249.3,,482.0,28.0,8860.0,302.01,41.8,1272.0,79.45,,0.0411,47.38,279.0,0.00953,6.693,86.31,74460.0,0.67,,56.43,45.6,1079.3,,0.05886,438.2,595.4,52.4,2.8499,82.22,269.92,1370.0,4.999,25.03,2.2078,0.55,,0.7793
138,2014-07-01,1379.61,73.6,132.0,2000.9,57.15,7060.0,365.5,1087.7,212.9,131.31,24.86,308.95,223.0,,482.1,26.33,9150.0,275.91,44.1,1330.0,78.26,,0.0398,47.5,343.0,0.00838,6.78,87.8,73800.0,0.6168,,50.55,39.4,982.1,,0.05259,435.0,576.4,38.5,2.4014,80.95,227.72,1360.0,4.699,16.43,2.1001,0.488,,0.7921
139,2014-08-01,1400.71,73.21,131.95,2055.0,55.13,7230.0,368.0,1050.0,228.0,137.8,25.525,326.89,226.0,,498.0,27.198,9099.0,281.87,42.5,1263.0,96.73,,0.0384,53.26,359.5,0.00904,7.347,99.0,81499.0,0.6933,,46.73,37.719,1032.3,,0.054,439.97,566.6,32.9,2.4541,88.38,190.3,1449.6,4.454,12.19,2.0012,0.515,,0.8551
140,2014-09-01,1411.07,75.52,137.9,2015.0,57.75,7320.0,408.77,1130.7,232.0,144.02,26.04,329.0,232.0,,493.9,27.3,9920.0,274.0,35.5,1323.4,117.2,,0.03804,57.62,393.5,0.00886,7.802,104.92,87399.0,0.7036,,43.25,13.13,1020.0,,0.05645,432.98,656.0,24.6,2.518,88.6,201.0,1260.9,3.879,13.29,1.613,0.525,,0.7816
141,2014-10-01,1488.47,76.23,141.5,2120.0,56.9,8033.0,442.05,1213.0,259.8,144.3,28.795,360.0,239.9,,478.0,29.495,11900.0,255.0,38.5,1371.0,150.0,,0.03993,55.055,457.1,0.00959,9.417,107.19,93990.0,0.693,,38.2,15.95,993.0,,0.05361,420.0,614.0,21.59,2.499,83.4,211.9,1350.0,4.0,13.36,1.595,0.5169,,0.774
142,2014-11-01,1533.68,72.25,142.86,2291.7,52.25,8820.0,460.0,1238.0,248.65,147.3,29.2,461.0,233.74,,706.0,34.37,11795.0,251.0,47.49,1625.0,178.0,,0.0467,60.43,454.75,0.00895,12.481,107.0,119200.0,0.6,,41.78,12.86,982.0,,0.0536,390.0,565.0,22.6,2.472,64.2,214.0,1390.0,4.245,13.26,1.645,0.5173,,0.718
143,2014-12-01,1396.61,54.9,130.31,2225.0,37.7,8080.0,434.6,1025.0,228.5,134.1,23.52,510.0,195.8,,997.5,29.495,9701.0,169.05,63.0,1655.0,187.3,,0.067,66.79,501.9,0.00712,10.821,87.01,126000.0,0.5415,280.0,32.23,11.4,820.0,,0.04569,364.0,458.0,24.71,2.28,35.0,123.4,1135.0,4.77,16.36,1.16,0.4151,,0.64
144,2015-01-01,1647.69,61.5,143.82,2789.9,43.84,11610.0,460.0,1075.0,270.15,157.7,31.1,638.0,229.35,,1049.5,41.6,10590.0,217.85,78.49,2291.0,189.7,,0.06894,91.995,642.35,0.72,13.134,86.61,141900.0,0.5251,335.0,38.25,13.33,900.0,,0.04982,405.0,471.0,44.85,2.499,46.9,139.6,1395.0,3.92,34.19,1.25,0.4129,,0.645
145,2015-02-01,1758.97,75.91,152.95,2981.2,53.7,11182.0,503.7,1016.0,316.0,168.6,34.2,541.5,265.85,,1110.0,38.69,11305.0,249.0,68.5,2109.0,195.0,,0.068,81.1,682.0,0.9188,14.6,91.0,138000.0,0.6448,380.0,39.19,18.32,1014.0,,0.07535,452.0,589.0,82.27,2.781,49.3,166.3,1420.0,4.615,58.4,1.59,0.6417,,0.758
146,2015-03-01,1626.18,62.88,138.9,2705.0,45.63,10399.0,432.0,893.0,287.0,165.7,35.1,498.0,252.15,,1016.5,44.5,11350.0,247.0,72.0,2011.0,193.0,36.79,0.06,77.615,658.0,1.0999,14.99,79.0,124500.0,0.5265,349.95,34.0,17.9,915.0,,0.06588,446.0,665.0,74.3,2.95,43.4,193.0,1400.0,4.38,50.76,1.41,0.5078,,0.7175
147,2015-04-01,1688.34,76.9,153.5,2645.6,50.0,9640.0,494.0,1001.0,292.35,167.0,38.4,429.0,256.5,,1545.0,38.85,11280.0,265.0,68.39,2039.0,192.0,31.41,0.0655,68.28,578.55,1.2098,15.12,79.25,121320.0,0.5985,454.95,38.15,15.96,877.0,,0.071,446.0,613.0,64.3,3.15,51.4,208.0,1375.0,4.095,47.29,1.425,0.526,710.0,0.9985
148,2015-05-01,1609.19,73.5,139.0,2461.3,48.25,9005.0,522.5,941.0,280.2,155.0,31.0,438.5,234.0,,1575.0,37.2,10510.0,243.0,63.25,2001.0,183.1,28.78,0.08025,73.0,608.4,1.249,14.705,80.95,123450.0,0.5873,448.0,41.1,16.9,811.0,,0.06508,448.0,616.0,65.25,3.01,52.6,202.0,1575.0,4.09,45.0,1.775,0.5285,740.0,0.9345
149,2015-06-01,1654.55,72.35,145.85,2469.9,48.32,9500.0,557.7,848.0,296.5,156.1,33.1,453.0,232.0,,1710.0,42.65,11399.0,243.1,63.0,2060.0,180.4,28.73,0.079,74.69,594.0,1.225,14.7,90.7,134800.0,0.5514,463.0,38.24,19.84,778.0,,0.06301,415.0,572.0,70.07,3.038,58.3,188.3,1585.0,4.11,48.95,1.92,0.48,728.0,0.887
150,2015-07-01,1669.0,72.3,142.5,2537.6,51.39,9427.0,591.0,882.0,301.85,162.4,33.995,434.5,236.7,,1800.0,37.75,12200.0,224.9,71.2,2430.0,172.8,28.5,0.072,79.22,687.5,1.1335,18.89,84.99,138100.0,0.5349,529.0,39.35,21.09,765.0,3.6745,0.068,460.0,600.0,61.03,2.594,55.4,195.0,1680.0,4.055,43.14,2.21,0.4715,720.0,0.8785
151,2015-08-01,1733.17,74.5,148.19,2531.0,54.34,10569.0,633.0,805.0,323.0,174.0,34.295,491.5,245.1,,2370.0,40.4,12275.0,228.85,65.0,2837.0,201.0,30.39,0.069,80.64,725.2,1.138,22.25,81.49,157900.0,0.5325,554.0,40.0,20.14,814.0,3.6455,0.06499,487.0,574.0,68.39,2.862,54.3,210.0,1735.0,4.12,45.7,2.87,0.452,736.0,0.824
152,2015-09-01,1642.97,75.3,134.55,2242.9,58.05,9500.0,597.0,713.0,308.55,172.0,33.5,566.0,242.95,,2900.0,39.5,11600.0,212.7,57.97,2790.0,191.1,26.1,0.0677,75.06,700.0,1.0535,20.4,85.98,148300.0,0.6099,553.0,35.23,18.4,815.0,3.704,0.05893,488.0,569.0,62.25,2.846,50.9,205.5,1065.0,3.98,41.81,3.05,0.424,735.7,0.8085
153,2015-10-01,1711.53,90.53,135.75,2320.0,68.49,9487.0,584.3,1016.0,328.8,180.9,35.785,565.5,258.1,,2815.0,43.49,11136.0,208.3,51.4,2630.0,222.5,25.6,0.07235,78.2,742.0,1.22,24.07,93.55,148800.0,0.651,616.0,49.0,17.66,827.0,3.756,0.06215,486.0,619.0,64.79,3.037,53.4,227.7,1110.0,4.05,43.16,3.15,0.4535,733.9,0.822
154,2015-11-01,1771.05,102.9,138.0,2534.1,76.2,8920.0,621.0,1094.0,314.05,193.5,33.5,535.5,265.0,,2630.0,42.285,12005.0,217.7,52.18,2715.0,217.8,23.52,0.071,70.08,703.8,1.1745,21.2,87.74,151000.0,0.611,825.0,58.91,17.655,951.0,3.83,0.06112,502.0,673.0,63.11,3.322,50.05,243.4,1250.0,4.76,41.55,3.39,0.4419,729.0,0.83
155,2015-12-01,1761.36,101.26,136.09,2345.9,76.5,9150.0,591.0,1147.0,317.6,199.1,33.975,618.0,253.25,,2875.0,44.225,11228.0,210.0,55.94,2821.0,219.0,22.5,0.0797,62.6,609.5,1.106,18.875,90.55,194000.0,0.679,995.0,56.1,17.65,850.0,3.8,0.0594,498.0,673.0,64.9,3.179,60.55,268.5,1320.0,5.01,40.15,3.76,0.458,743.0,0.819
156,2016-01-01,1784.92,96.5,136.6,2569.0,68.5,8850.0,639.2,1007.0,339.55,184.9,36.565,620.0,272.45,,3245.0,45.995,11500.0,226.0,61.73,2722.0,210.1,22.53,0.0737,65.5,621.5,1.34,19.08,86.29,189200.0,0.649,1020.0,50.5,17.74,866.0,3.76,0.0585,447.0,624.0,61.11,3.034,52.9,259.9,1020.0,4.52,39.88,4.205,0.4503,742.0,0.85
157,2016-02-01,1840.17,107.0,141.4,2686.0,76.9,9142.0,646.0,978.0,323.3,186.0,39.3,689.0,287.6,,3995.0,44.195,10648.0,233.0,69.5,2791.0,250.2,25.16,0.0734,73.6,630.0,1.59,19.26,88.8,178800.0,0.675,1305.0,57.1,17.325,871.0,3.62,0.06816,426.0,594.0,66.4,2.5,52.2,242.1,860.0,6.95,42.0,3.92,0.5367,742.5,1.0265
158,2016-03-01,1871.15,109.9,147.75,2622.0,79.09,8700.0,598.0,1022.0,361.0,203.4,39.71,655.5,305.2,,3803.0,44.96,10550.0,240.1,69.6,2800.0,251.3,22.99,0.07668,83.36,712.0,1.84,22.04,98.6,184400.0,0.6955,1153.0,74.48,17.5,750.0,3.88,0.0826,422.0,681.5,62.01,2.649,51.5,266.4,965.0,6.9,39.87,3.7,0.576,749.0,1.375
159,2016-04-01,1953.05,123.55,168.47,2752.0,84.0,9409.0,612.8,1301.0,340.95,192.0,34.1,667.5,351.0,,4768.0,42.0,9002.0,253.0,73.9,2838.0,250.3,23.42,0.07005,89.25,727.0,1.7975,23.735,98.5,200200.0,0.6902,1010.0,77.48,19.45,740.0,3.92,0.10045,417.0,649.0,66.49,2.639,49.95,299.0,805.0,7.41,41.41,3.99,0.6234,726.0,1.429
160,2016-05-01,1899.01,132.56,145.5,2570.0,91.5,8990.0,659.4,1357.0,301.8,171.9,33.805,766.0,316.0,,4682.0,41.45,9340.0,257.15,70.45,2880.0,251.0,20.3,0.0684,85.99,670.5,1.96,25.72,97.5,170000.0,0.632,860.0,81.7,20.99,747.0,3.91,0.13,446.5,708.0,63.5,2.528,47.8,292.0,823.0,7.88,38.8,3.99,0.635,709.5,1.5955
161,2016-06-01,1891.09,133.0,139.51,2684.0,90.0,8540.0,647.6,1399.0,331.5,176.5,33.205,881.5,330.0,,4696.0,38.4,9012.0,243.05,69.29,2769.0,250.0,20.24,0.068,83.0,700.7,2.524,24.0,92.2,166500.0,0.616,948.0,85.5,20.45,670.5,3.98,0.1565,462.5,823.0,56.71,2.749,44.85,301.7,852.0,7.38,35.99,4.155,0.62,731.0,1.615
162,2016-07-01,1944.62,139.15,137.3,2867.0,98.8,9444.0,648.1,1442.0,317.45,169.0,31.205,971.5,325.5,,4664.0,32.6,10210.0,252.0,71.25,2715.0,250.0,23.1,0.06741,95.29,793.2,2.614,29.495,85.5,166500.0,0.7074,955.0,85.7,23.055,670.0,3.98,0.16099,501.5,907.5,57.51,3.0,48.45,321.5,800.0,8.14,37.9,4.35,0.8744,750.5,1.7005
163,2016-08-01,1971.59,143.5,134.95,2913.0,101.97,9571.0,684.9,1428.0,317.75,175.0,31.19,914.0,344.7,,4600.0,32.74,10262.0,239.1,75.3,2586.0,271.8,24.1,0.06849,90.0,752.0,2.85,30.515,82.18,154900.0,0.7964,895.0,98.65,22.7,669.5,4.13,0.175,513.0,878.0,68.7,2.83,55.8,346.3,935.0,7.9,54.58,5.09,0.9365,766.0,1.672
164,2016-09-01,1978.0,145.34,134.9,3068.0,105.82,9812.0,682.5,1341.0,320.25,181.9,30.71,795.0,342.8,,4485.0,28.995,10391.0,227.5,86.6,2490.0,292.0,21.89,0.0721,82.94,753.0,3.1905,28.56,78.82,135100.0,0.775,835.0,116.93,20.31,609.0,4.25,0.17849,512.0,891.0,90.0,2.899,61.55,343.4,937.0,7.75,74.5,5.225,0.933,777.5,1.72
165,2016-10-01,1989.64,147.4,138.84,3100.0,111.59,9344.0,660.8,1256.0,355.0,203.0,27.015,687.0,347.65,,4400.0,28.73,10630.0,223.5,88.6,2360.0,285.0,23.2,0.06775,102.55,886.4,3.4,31.86,79.01,152000.0,0.7949,824.0,129.95,19.275,602.0,4.275,0.171,464.0,879.5,148.2,2.918,68.9,339.7,829.0,7.62,133.7,6.7,0.976,782.0,1.713
166,2016-11-01,2104.91,158.7,148.8,3188.0,116.08,10371.0,732.0,1201.5,388.3,200.3,29.97,608.5,340.2,,4260.0,31.415,10500.0,230.25,92.49,2552.0,279.0,26.55,0.0694,117.94,960.7,3.8,34.445,84.6,177800.0,0.9401,814.0,134.83,21.795,567.0,4.275,0.2002,501.0,916.5,182.81,2.82,73.9,373.0,878.0,8.21,136.55,6.505,1.2097,787.0,2.3
167,2016-12-01,2232.72,173.25,154.55,3449.0,129.75,10122.0,791.9,1247.5,427.0,235.0,30.95,638.5,402.8,,4431.0,32.07,11000.0,259.0,97.43,2599.0,290.0,26.23,0.074,114.98,942.2,3.844,33.265,84.0,197950.0,0.9259,804.0,152.85,23.17,579.6,4.3,0.2032,492.0,952.0,181.25,2.878,79.0,387.5,780.0,9.14,147.3,6.585,1.1439,795.0,2.48
168,2017-01-01,2217.39,172.2,149.8,3370.0,128.6,9629.0,759.8,1379.0,406.7,225.5,32.35,692.0,400.6,,4648.0,34.35,9650.0,275.7,105.7,2849.0,285.9,35.86,0.06897,118.05,950.0,4.0735,39.345,83.49,204250.0,1.0337,857.0,174.17,23.905,632.8,4.262,0.2323,475.0,1001.0,186.01,2.826,82.95,385.0,821.0,11.9,160.3,7.08,1.2385,802.5,2.8305
169,2017-02-01,2035.77,156.0,134.0,3086.0,118.81,9311.0,754.0,1330.0,340.95,212.0,29.395,691.0,331.1,,4450.0,31.81,9133.0,275.5,92.06,2400.0,290.0,28.69,0.06608,112.65,827.3,4.0255,36.98,78.06,184950.0,0.9379,810.0,165.2,22.62,650.5,4.231,0.214,391.0,952.5,146.8,2.582,75.6,373.8,819.0,10.91,134.35,6.3,1.02,810.0,2.4085
170,2017-03-01,1995.9,159.8,127.9,2981.0,120.8,8929.0,704.9,1245.5,347.65,204.2,29.45,698.5,323.5,,4450.0,32.19,9261.0,272.6,91.01,2366.0,296.6,29.89,0.06625,113.11,809.9,4.0125,36.635,76.95,173200.0,0.9329,697.0,168.0,22.23,639.0,4.39,0.1791,381.5,927.0,151.62,2.674,73.5,375.4,956.0,9.8,121.2,6.05,0.9398,802.5,2.402
171,2017-04-01,2016.71,165.2,136.75,2818.0,125.82,8747.0,695.4,1534.5,377.0,238.1,27.91,754.0,317.25,,4405.0,30.505,8776.0,273.85,98.11,2415.0,288.2,29.38,0.06671,107.75,776.0,4.05,33.905,74.5,192700.0,0.895,699.0,175.75,21.35,598.8,4.414,0.1964,364.5,870.0,177.77,2.52,73.5,381.8,1090.0,10.38,116.8,7.135,0.96,722.5,2.337
172,2017-05-01,1900.38,155.93,120.28,2753.0,124.69,7902.0,641.0,1505.0,384.5,298.9,30.28,741.5,301.55,,4427.0,28.225,9197.0,236.5,88.35,2307.0,302.0,27.16,0.06615,115.5,738.5,3.989,31.095,71.5,158700.0,0.78,613.0,188.6,12.455,597.0,4.24,0.1641,347.0,906.5,155.35,2.597,81.99,387.0,1297.0,9.2,106.75,6.9,0.7639,775.0,2.302
173,2017-06-01,1879.5,145.59,118.49,2872.5,120.29,8068.0,645.5,1536.0,375.6,273.4,25.67,667.0,323.0,,3971.08,28.49,9180.0,234.5,86.55,2301.0,296.9,29.05,0.064,115.65,776.0,3.833,33.35,71.37,159500.0,0.7962,688.0,195.3,12.13,538.0,4.5,0.1714,346.5,820.0,138.3,2.507,76.4,392.4,1446.0,9.15,122.15,7.045,0.797,794.5,2.236
174,2017-07-01,1919.53,164.53,116.1,2797.5,134.99,8930.0,607.7,1743.0,390.1,264.5,26.62,732.0,311.3,,3909.75,28.8,9525.0,236.2,83.65,2385.0,292.8,32.3,0.05969,125.0,833.7,3.78,33.8,65.15,180500.0,0.7666,729.0,201.7,12.0,567.9,4.436,0.167,362.0,725.0,143.35,2.449,77.9,407.1,1089.0,9.21,107.05,7.615,0.8644,787.0,2.6105
175,2017-08-01,2022.22,183.51,117.97,2940.5,157.98,9790.0,599.3,1752.0,388.0,270.0,27.0,674.4,304.0,,4547.0,29.0,10800.0,270.0,81.2,2303.0,289.9,41.24,0.06456,139.92,910.0,3.93,40.26,67.0,178250.0,0.8307,702.0,191.8,11.75,567.0,4.58,0.177,362.0,779.5,169.6,2.41,68.89,419.8,974.0,9.3,114.85,7.445,1.0198,782.0,3.263
176,2017-09-01,2077.19,192.33,122.2,3064.0,155.7,9920.0,664.0,1873.0,411.25,289.1,29.5,649.8,318.95,,4450.0,29.6,10100.0,282.05,82.3,2325.0,316.3,43.25,0.06159,132.29,869.5,3.712,43.285,69.36,177400.0,0.8514,713.0,183.95,13.36,656.0,4.599,0.1711,358.0,807.0,151.1,2.431,68.01,416.1,970.0,9.24,100.15,8.155,1.0175,729.0,3.03
177,2017-10-01,2064.31,193.8,125.9,3096.0,158.52,10592.0,651.0,1950.0,436.0,316.8,29.175,675.6,318.7,,4804.0,29.0,7693.0,281.5,75.2,2340.0,311.6,37.71,0.06,133.21,898.3,3.579,44.15,68.3,185000.0,0.817,700.0,180.0,13.17,580.0,4.547,0.158,369.5,815.0,149.45,2.565,79.5,422.9,991.0,9.27,97.55,8.61,0.9471,783.5,3.0685
178,2017-11-01,2100.62,224.35,132.15,3292.5,184.53,9876.0,650.0,1940.5,456.7,353.9,27.5,703.8,293.6,,4912.0,28.39,6359.0,284.55,77.87,2470.0,299.6,35.69,0.05078,132.25,924.0,3.6855,43.93,64.0,178000.0,0.814,704.5,152.5,10.665,550.0,4.35,0.16475,338.0,796.0,138.1,2.663,78.9,390.6,916.0,10.2,111.9,8.3,0.8451,777.0,2.95
179,2017-12-01,2109.74,225.2,130.5,3334.5,189.0,10850.0,677.7,1894.0,478.8,365.0,27.89,706.6,291.5,,4595.0,28.145,6340.0,276.0,75.06,2499.0,326.5,40.55,0.04732,147.22,887.4,3.4,41.86,63.9,179900.0,0.7289,568.5,138.45,12.09,512.9,4.742,0.16205,336.0,826.5,147.75,2.529,73.9,415.0,910.0,9.97,132.05,7.85,0.8204,789.5,2.624
180,2018-01-01,2289.99,264.5,143.36,3728.0,217.49,11608.0,727.7,2179.0,565.2,409.0,28.74,665.7,343.2,,4580.0,29.685,5330.0,309.0,81.5,2450.0,306.0,41.18,0.0494,147.0,919.1,3.79,45.61,67.0,180000.0,0.7255,580.5,133.3,12.2,531.4,4.66,0.175,392.5,842.0,146.05,2.53,83.0,400.5,955.0,10.2,147.0,8.745,0.9135,790.0,2.7225
181,2018-02-01,2296.8,272.4,143.16,3776.5,227.0,11159.0,710.0,2343.5,594.0,402.8,28.715,594.0,330.5,,4646.0,29.5,4782.0,307.6,86.3,2397.0,323.1,38.97,0.05276,146.1,918.4,3.72,47.68,68.21,185000.0,0.7815,575.5,141.45,12.09,564.4,4.734,0.1759,368.5,859.0,144.0,2.724,80.8,416.0,940.0,9.6,147.0,8.245,0.8301,788.0,2.7275
182,2018-03-01,2270.98,253.57,142.33,3961.0,214.14,10760.0,737.6,2287.0,611.6,416.0,28.37,591.7,313.9,,4520.0,29.56,4680.0,294.15,92.0,2317.0,315.2,35.35,0.05166,143.5,872.4,3.82,44.135,67.75,175900.0,0.7699,600.0,155.6,11.85,540.2,4.849,0.1812,344.0,874.0,124.05,2.91,83.95,406.5,1093.0,9.45,144.45,7.765,0.7594,735.0,2.9
183,2018-04-01,2307.02,226.99,145.93,4156.5,196.22,10814.0,770.0,2097.5,671.05,475.5,29.44,631.3,383.0,,3995.0,31.015,4902.0,296.4,89.61,2500.0,306.3,31.06,0.05397,161.16,1011.9,4.0,48.68,65.68,172450.0,0.745,689.0,144.0,11.23,473.0,4.62,0.1755,354.0,836.0,120.2,2.776,76.55,406.5,1143.0,9.26,131.55,7.16,0.835,720.5,2.5735
184,2018-05-01,2302.88,222.36,145.0,4209.0,196.0,11111.0,838.2,2076.5,666.5,458.0,28.63,572.0,385.3,,3750.0,30.48,5111.0,282.4,88.3,2322.0,329.8,27.35,0.04989,163.15,1002.8,4.08,49.09,65.99,170600.0,0.7239,715.0,140.8,10.415,473.2,4.842,0.1825,351.5,836.5,111.85,2.844,82.5,407.8,1030.0,9.04,137.6,6.745,0.7971,664.0,2.578
185,2018-06-01,2295.95,218.0,141.01,4350.0,186.5,11399.0,852.8,2244.0,675.95,465.1,28.48,553.2,396.15,,4206.0,31.625,4600.0,278.1,100.0,2270.0,334.0,24.0,0.04801,151.84,930.1,4.1,42.55,73.22,166400.0,0.6756,680.0,139.8,8.81,504.0,4.927,0.1875,350.0,849.5,98.05,2.907,76.15,404.8,974.0,13.03,131.35,6.5,0.791,644.5,2.342
186,2018-07-01,2321.11,214.86,143.79,4451.5,182.42,10882.0,924.4,2250.0,721.4,482.0,28.99,545.0,419.0,,4469.0,34.55,4128.0,263.8,97.28,2284.0,342.5,26.04,0.04828,162.4,1020.3,4.1425,46.26,70.3,162600.0,0.6788,660.0,122.95,9.07,590.0,4.944,0.1704,312.0,774.0,92.8,2.702,70.35,378.0,999.0,10.18,109.25,6.4,0.7672,552.0,2.4015
187,2018-08-01,2345.85,182.0,149.95,4700.5,159.49,11220.0,1083.0,2150.0,783.1,526.0,28.74,573.2,435.7,,4373.0,37.42,4057.0,261.95,101.39,2609.0,364.0,21.65,0.0414,165.66,1086.1,4.04,48.445,67.6,142500.0,0.6369,708.0,115.5,8.29,505.0,5.0,0.163,287.0,721.0,89.25,2.668,70.6,433.0,959.0,9.86,100.85,6.225,0.677,541.4,1.8565
188,2018-09-01,2475.36,203.32,162.61,5022.0,171.05,11388.0,1168.2,2160.5,835.4,575.0,27.425,526.2,493.0,,4128.0,38.07,3835.0,272.5,106.79,2517.0,347.6,28.06,0.04076,177.9,1091.3,4.1065,52.185,69.95,165750.0,0.6206,674.5,106.55,8.7,566.0,5.049,0.1661,231.5,676.0,105.35,2.698,67.7,409.5,862.0,10.14,109.35,6.84,0.7185,459.0,2.098
189,2018-10-01,2352.71,189.8,155.47,4945.0,163.3,11000.0,1049.8,1916.5,784.4,526.0,26.57,608.0,460.45,,4152.0,38.135,3590.0,257.6,99.9,2470.0,352.3,28.5,0.03658,160.42,1030.0,3.982,47.945,70.0,170900.0,0.5498,662.0,97.25,7.8,586.0,5.028,0.15295,237.5,629.5,92.1,2.708,61.1,398.5,849.0,9.75,98.1,6.135,0.674,435.6,1.9285
190,2018-11-01,2392.5,194.0,161.29,4896.0,169.0,12738.0,1127.2,1965.0,712.7,508.1,27.35,667.3,423.1,,4827.5,37.75,3500.0,247.55,99.63,2593.0,351.1,28.99,0.0373,158.36,1002.7,4.095,46.805,71.27,175400.0,0.5046,738.0,114.4,8.569,582.0,5.195,0.15518,236.9,639.0,90.8,2.755,55.05,418.2,997.0,9.6,104.4,6.83,0.73,411.2,1.75
191,2018-12-01,2369.33,186.3,153.5,4997.0,166.18,13039.0,1132.0,1930.0,737.9,522.0,26.88,731.2,432.5,,5399.0,39.395,3511.5,238.0,98.62,2546.0,376.3,30.795,0.03385,157.42,942.9,3.8795,43.04,73.07,171000.0,0.4858,791.5,101.18,7.999,639.7,5.17,0.14812,214.0,597.8,73.47,2.6,53.65,410.0,943.0,9.95,100.3,6.85,0.7755,397.0,2.074
192,2019-01-01,2521.1,217.9,162.82,5272.5,186.11,13596.0,1145.0,2212.0,806.9,569.0,27.355,746.9,411.25,,5494.0,40.57,4155.0,260.75,98.56,2583.0,352.0,29.295,0.03777,152.02,998.5,3.825,43.3,72.25,174500.0,0.513,811.0,107.92,9.61,647.8,5.375,0.16618,217.8,656.0,81.79,2.751,53.7,400.6,1029.0,9.5,106.55,6.92,0.9817,394.8,2.183
193,2019-02-01,2485.27,207.8,158.99,5501.0,180.15,14114.0,1080.4,2208.0,776.1,548.5,25.69,778.0,398.8,,5470.0,40.175,3780.0,253.0,95.1,2555.0,359.0,31.685,0.0359,158.44,1028.8,3.915,44.5,72.9,170600.0,0.497,829.0,97.1,9.919,654.8,5.515,0.167,201.1,637.4,76.13,2.71,48.34,412.0,902.0,9.7,100.0,7.45,0.987,493.2,2.117
194,2019-03-01,2497.1,214.42,149.61,5894.0,188.2,13720.0,1078.2,2293.6,755.0,557.8,24.875,737.9,412.0,,5437.0,40.98,3640.0,252.45,92.42,2393.0,353.8,28.1,0.035645,170.5,1028.0,3.737,45.9,72.51,176500.0,0.5008,752.0,96.3,9.542,642.2,5.967,0.1641,220.7,660.0,68.59,2.585,57.74,408.5,942.5,9.92,101.9,7.35,0.97,428.5,2.098
195,2019-04-01,2559.32,225.17,163.95,5511.0,198.39,14342.0,1205.2,2391.0,757.5,634.6,24.565,678.4,428.8,,5037.5,39.165,3720.0,254.9,94.23,2363.0,365.5,27.68,0.0355,171.1,1045.2,3.92,44.2,74.0,168000.0,0.54,750.0,96.32,8.821,652.6,5.93,0.166,231.1,666.0,68.17,2.609,59.1,422.0,900.0,9.3,106.15,7.185,1.069,425.7,2.2365
196,2019-05-01,2665.33,233.24,215.1,5268.5,205.51,13718.0,1323.0,2336.6,748.5,584.4,24.94,700.5,433.0,,5170.5,40.465,3738.5,255.8,88.15,2469.0,368.4,23.7,0.036705,172.32,1036.4,4.014,44.655,76.99,161350.0,0.5399,759.0,93.8,9.02,650.6,5.96,0.17268,234.1,693.2,61.4,2.491,59.0,424.4,1082.0,9.68,112.75,7.35,1.2429,403.5,2.294
197,2019-06-01,2765.85,238.55,232.83,5305.0,205.6,14308.0,1337.4,2405.4,774.9,636.2,26.34,802.8,414.5,,5828.0,42.61,3735.0,284.9,86.04,2484.0,374.9,26.1,0.03988,159.7,1067.6,4.529,44.985,81.15,165450.0,0.6004,741.4,101.76,9.873,,5.965,0.2025,205.0,782.2,66.5,2.625,59.96,426.9,1250.5,9.78,127.2,7.515,1.38,417.0,2.51
198,2019-07-01,2739.5,233.49,236.9,5226.5,202.9,14646.0,1319.6,2490.0,743.2,674.1,27.06,770.3,421.95,,6460.0,31.14,3785.0,265.0,81.5,2377.0,395.0,28.935,0.0425,150.9,1028.8,4.4715,42.88,82.46,157700.0,0.5656,740.6,106.94,12.088,,5.962,0.184,212.6,778.8,67.35,2.66,58.38,429.0,1388.0,9.45,101.6,7.69,1.1919,408.5,2.2925
199,2019-08-01,2740.04,224.2,232.15,5379.5,194.89,16088.0,1288.0,2462.8,743.1,635.0,27.45,964.7,406.95,,7665.0,32.245,3690.0,266.35,74.26,2548.0,387.3,26.75,0.03868,148.84,1002.8,4.29,41.84,81.01,150400.0,0.5488,725.0,109.74,11.63,,5.958,0.1775,219.0,763.4,59.95,2.72,55.0,463.5,1650.0,9.3,88.4,8.135,1.1728,371.9,2.2355
200,2019-09-01,2747.18,227.71,225.9,5387.5,201.0,16686.0,1312.4,2263.4,687.4,626.7,35.4,912.7,419.3,,7545.0,37.46,3558.0,265.0,74.5,2486.0,400.5,28.8,0.042595,142.22,933.2,4.4895,39.155,78.5,149800.0,0.5217,697.2,103.18,12.68,,5.778,0.18576,217.4,722.0,63.31,2.652,55.74,422.0,1400.0,9.37,89.85,8.41,1.2349,355.9,2.2505
201,2019-10-01,2893.98,234.89,260.0,5919.5,212.55,17888.0,1360.0,2125.8,748.2,659.0,43.0,1052.0,426.0,1216.0,7469.0,37.68,3232.0,285.0,74.51,2427.0,348.0,28.805,0.04309,125.04,882.2,4.32,36.53,78.5,166500.0,0.5098,681.4,106.9,14.568,,5.772,0.1845,205.3,709.8,60.51,2.64,53.2,425.4,1239.0,9.6,88.5,8.235,1.1935,351.1,2.2685
202,2019-11-01,2935.37,233.98,257.54,6137.5,212.5,17046.0,1267.6,2693.0,740.4,689.9,44.1,965.8,441.0,1185.8,6891.0,36.09,3283.0,304.5,77.9,2416.0,385.7,27.91,0.04533,129.42,908.0,4.4595,38.985,80.5,169900.0,0.5315,643.8,102.84,15.0,,5.939,0.1953,204.1,760.0,61.72,2.712,51.9,493.3,1270.0,11.26,89.3,8.005,1.191,345.1,2.4385
203,2019-12-01,3045.87,254.75,256.4,6169.0,228.3,19102.0,1262.0,2697.0,759.7,734.0,50.47,971.0,449.7,1311.2,7103.5,37.725,3425.0,319.95,84.32,2408.0,400.4,30.8,0.0459,143.72,937.6,5.042,41.95,78.36,176750.0,0.5553,644.8,103.5,15.236,,5.879,0.20064,192.0,764.0,63.14,2.78,58.0,518.6,1185.0,12.26,89.1,8.99,1.3839,313.3,2.26
204,2020-01-01,3076.65,252.2,226.7,6550.5,227.1,20800.0,1155.6,2873.4,761.0,716.9,46.045,1082.2,480.5,1515.0,7814.5,36.105,3727.0,326.4,80.2,2469.0,435.6,34.795,0.0464,138.0,911.4,5.785,44.91,88.0,164950.0,0.6888,640.0,107.4,18.317,,5.778,0.21914,192.5,905.0,98.1,2.942,55.66,519.8,1189.0,14.4,107.4,9.17,1.6018,326.6,2.312
205,2020-02-01,2785.08,233.36,202.65,5699.5,215.15,20250.0,964.8,2659.8,671.6,660.8,38.435,1025.1,403.4,1474.2,8464.0,32.77,3160.5,320.5,71.39,2317.0,390.9,31.375,0.04333,124.94,814.6,5.204,39.985,86.68,151850.0,0.6422,574.2,92.94,16.035,,5.65,0.207,161.5,827.0,85.7,2.988,51.26,484.1,1172.5,14.08,94.0,8.68,1.4489,290.5,2.3245
206,2020-03-01,2508.81,187.21,181.41,4715.0,176.83,19518.0,917.6,2714.4,552.6,520.5,33.9,1354.4,314.35,900.0,10637.5,37.6,3202.5,299.1,64.59,2480.0,410.0,25.15,0.0326,124.0,866.6,4.9225,38.5,74.0,147750.0,0.6077,575.4,68.38,13.115,,5.495,0.16098,151.6,587.0,60.79,2.574,42.3,390.0,881.0,15.71,64.5,8.675,1.1792,227.6,1.849
207,2020-04-01,2650.56,197.25,190.0,4826.5,177.2,20478.0,1037.2,2850.8,550.0,514.1,37.115,1535.6,335.65,1025.0,12110.0,36.34,3690.0,319.6,62.2,2701.0,391.5,26.37,0.0349,128.34,889.6,5.0,40.26,82.1,136500.0,0.6301,626.4,75.76,14.45,,5.45,0.18354,153.9,604.0,65.67,2.804,56.62,363.7,925.5,21.3,74.0,8.66,1.283,242.9,1.962
208,2020-05-01,2734.83,200.5,199.95,5242.5,181.6,22110.0,1029.6,2833.2,532.0,509.0,39.61,1413.5,376.2,1253.0,11673.0,35.41,3740.0,320.0,66.0,2788.0,383.9,27.81,0.03631,137.76,934.6,4.944,40.44,82.92,129100.0,0.6929,658.0,78.06,15.3,,5.415,0.18354,152.0,584.8,64.65,2.737,59.24,340.0,981.0,24.36,77.95,9.48,1.653,242.4,2.0285
209,2020-06-01,2743.2,203.22,194.31,5313.0,188.76,18784.0,1022.0,3545.6,556.3,539.9,38.415,1392.8,361.8,1437.6,11970.0,35.19,4035.0,330.45,64.49,2643.0,425.0,26.28,0.03505,140.88,864.0,4.865,36.985,87.7,134150.0,0.7367,644.2,82.34,17.1,,5.579,0.1867,170.0,700.8,65.16,2.785,60.02,406.7,1229.5,24.59,82.6,10.46,1.4935,237.7,2.2195
210,2020-07-01,2911.57,221.57,182.59,5087.5,205.47,19650.0,1089.4,4257.0,554.7,537.5,37.25,1849.8,356.9,1870.0,16949.0,37.555,4586.0,327.55,68.27,2689.0,486.9,28.0,0.038755,145.72,912.6,5.8,39.96,89.88,134700.0,0.7635,720.0,83.2,19.758,,5.944,0.1999,214.6,734.0,65.98,2.831,60.38,431.3,1437.0,39.2,84.4,9.23,1.592,238.3,2.169
211,2020-08-01,2966.2,226.1,181.01,4991.0,215.5,19394.0,1103.0,5089.4,547.8,532.7,36.705,2004.9,373.2,1893.4,18085.5,37.22,4474.5,335.9,66.15,2765.0,506.2,30.67,0.035375,154.48,931.0,5.217,37.85,96.63,137650.0,0.73,761.4,81.02,21.39,,5.862,0.1958,203.6,780.4,64.1,2.699,58.5,562.7,1331.5,47.32,71.2,8.87,1.4525,231.9,2.069
212,2020-09-01,2905.81,229.14,169.97,4470.0,221.8,18762.0,1064.0,5062.0,463.6,443.6,34.685,1680.0,383.0,2045.2,16250.5,38.95,4956.0,338.7,73.78,2858.0,568.2,31.4,0.034475,172.0,992.0,5.62,38.63,98.41,147550.0,0.7609,744.4,74.12,21.08,,5.853,0.1973,227.1,856.2,61.52,2.787,60.9,679.1,1345.0,42.18,66.5,8.565,1.4785,201.0,2.046
213,2020-10-01,2690.59,200.99,154.28,4050.0,192.91,18864.0,951.4,4561.0,412.6,397.6,32.92,1672.3,349.8,1872.2,15536.5,36.55,4706.0,311.6,70.75,2800.0,569.0,30.405,0.032665,185.1,1085.0,5.09,37.19,92.38,132150.0,0.7183,730.6,57.3,25.23,,5.442,0.18932,206.0,904.4,54.15,2.59,56.06,680.5,1169.0,41.44,62.15,7.845,1.4452,170.0,1.996
214,2020-11-01,3107.58,249.63,181.89,5063.0,229.25,21476.0,1199.4,5278.0,492.3,469.0,35.505,1593.0,449.5,2360.0,14530.0,40.0,4979.0,321.65,88.52,3007.0,596.5,37.585,0.03721,192.62,1131.8,5.157,43.48,95.67,142400.0,0.7805,804.4,71.66,30.722,,5.975,0.20092,219.0,907.8,58.6,2.777,68.9,722.8,1111.0,45.04,70.15,8.23,1.6934,190.5,2.0375
215,2020-12-01,3289.02,271.65,212.98,5169.5,242.06,23682.0,1261.4,5167.0,513.7,475.7,35.985,1735.1,435.1,2360.4,15245.0,41.915,5685.5,331.2,99.0,3136.0,595.9,35.42,0.037895,208.84,1323.2,5.3,55.835,96.52,140550.0,0.7821,837.0,71.44,28.711,,6.152,0.2225,262.7,867.6,79.1,2.787,61.16,712.0,762.0,45.5,77.05,8.1,1.7702,142.0,2.0665
216,2021-01-01,3276.34,258.11,212.83,5377.0,237.78,24364.0,1266.8,4760.6,489.3,457.0,33.47,1640.1,473.0,3090.8,14305.5,40.255,4924.0,328.85,99.22,3644.0,706.9,34.865,0.036635,210.42,1262.8,5.252,51.895,101.03,142550.0,0.777,888.0,69.88,31.458,,6.155,0.213,251.0,942.6,70.19,2.826,57.1,715.5,740.5,43.83,73.9,8.28,1.6145,134.1,2.1615
217,2021-02-01,3341.1,270.17,217.56,5575.5,249.4,23502.0,1276.0,4813.2,522.5,491.8,32.5,1503.0,523.35,3857.0,14027.0,39.28,4929.0,313.05,99.52,4048.0,770.8,38.93,0.037075,222.12,1343.6,5.1225,54.205,108.85,142850.0,0.7818,900.2,69.66,35.02,,6.694,0.21462,264.0,862.2,70.0,2.807,57.54,820.4,806.0,43.57,76.55,8.03,1.698,132.0,2.1645
218,2021-03-01,3536.98,291.02,227.24,6111.5,270.93,23704.0,1488.2,4859.0,594.2,558.3,34.53,1484.0,572.6,4436.0,13926.0,42.01,5344.5,316.2,105.98,4073.0,937.0,49.445,0.042715,242.16,1534.6,5.12,60.885,107.4,147800.0,0.8114,915.4,67.44,34.266,,7.117,0.21742,245.4,828.6,68.0,2.949,80.54,728.0,802.5,43.16,72.7,7.66,1.5209,111.0,2.28
219,2021-04-01,3542.57,297.73,231.38,5805.0,283.5,25732.0,1358.0,4934.8,506.5,469.1,34.11,1566.1,525.2,4361.4,13959.5,43.0,5119.0,320.6,108.97,4360.0,926.5,50.65,0.0516,264.68,1774.0,4.941,65.265,104.0,141400.0,0.8248,896.0,64.54,34.01,,6.799,0.2132,230.5,818.8,72.74,2.872,76.24,681.0,796.0,43.71,77.35,7.395,1.4308,81.5,2.23
220,2021-05-01,3720.68,310.79,261.03,5993.0,293.28,26404.0,1447.6,4942.0,501.1,477.5,36.255,1746.6,531.4,5512.6,15850.5,46.695,5460.5,338.75,117.2,4668.0,1028.4,57.68,0.04875,261.88,1686.0,5.0655,63.17,103.16,142450.0,0.8602,938.6,70.06,31.74,,6.63,0.2193,244.9,775.6,79.86,2.895,72.52,673.5,803.0,46.9,116.0,7.19,1.4128,75.2,2.391
221,2021-06-01,3841.85,306.45,281.8,6762.5,282.16,24812.0,1608.0,5176.6,531.3,502.0,36.635,1598.2,571.2,6421.0,14241.0,46.355,5301.0,341.3,133.74,4784.0,1080.1,49.595,0.048475,230.74,1577.4,4.7165,60.585,102.0,173300.0,0.8694,1001.4,68.6,31.904,,6.513,0.21974,246.5,774.2,75.54,2.757,67.56,616.0,785.0,44.74,117.3,6.89,1.357,69.9,2.3465
222,2021-07-01,3771.58,305.59,287.35,6299.0,288.7,25318.0,1633.8,4970.4,488.4,456.1,32.465,1592.4,544.5,6113.8,14000.0,38.1,5337.0,316.1,130.57,4637.0,1150.3,51.96,0.04846,258.5,1799.4,4.373,68.795,93.51,162650.0,0.8125,1063.0,67.16,29.661,,6.572,0.20196,233.4,768.6,80.5,2.741,99.7,641.1,746.5,44.05,132.0,7.2,1.3234,69.9,2.159
223,2021-08-01,3913.08,327.94,305.65,6283.5,308.65,24032.0,1725.2,5615.0,485.1,457.3,33.68,1472.5,533.6,6452.2,13259.5,38.69,5539.5,330.15,145.11,4874.0,1344.7,53.03,0.05269,247.6,1722.4,4.5975,73.845,94.3,157950.0,0.8212,1174.0,69.32,30.362,,6.936,0.1973,231.4,776.4,114.48,2.816,116.4,624.9,700.0,43.62,236.0,8.04,1.3127,90.2,2.5
224,2021-09-01,4088.38,340.99,360.8,6903.5,317.26,21830.0,1921.0,5804.6,527.3,484.0,36.74,1247.2,614.35,6628.4,12048.0,40.055,6060.0,330.1,133.45,5111.0,1430.0,69.845,0.05167,216.62,1520.0,4.6315,68.375,90.52,159500.0,0.8098,1080.0,69.96,26.898,,7.175,0.18568,216.7,758.4,150.9,2.734,92.2,587.2,612.5,45.62,256.3,7.725,1.2816,105.8,2.3885
225,2021-10-01,4143.22,356.14,350.18,7272.5,322.38,22170.0,1804.8,5879.2,540.0,489.3,34.015,1317.0,636.1,7310.0,13985.5,38.57,6472.0,311.35,125.21,5602.0,1177.0,71.705,0.05273,223.6,1614.2,4.776,65.93,93.25,152150.0,0.8169,1178.0,68.48,27.083,,7.159,0.1864,218.6,749.4,145.53,2.728,86.7,589.7,621.0,56.61,296.5,7.765,1.3936,98.7,2.245
226,2021-11-01,3890.59,315.0,334.24,6513.0,291.82,21538.0,1627.6,5359.4,473.3,439.3,36.42,1356.8,566.1,7114.0,14170.0,37.525,5733.0,293.75,128.44,5670.0,1081.9,67.805,0.047195,217.08,1564.6,4.2915,59.66,84.8,141850.0,0.7367,1135.4,60.32,25.097,,6.73,0.1659,204.6,745.0,109.18,2.727,75.5,552.5,629.5,61.7,259.9,7.24,1.2528,77.5,2.126
227,2021-12-01,3787.26,293.49,342.39,6573.0,279.0,22900.0,1719.4,4569.4,502.0,462.8,39.91,1311.9,599.0,6118.0,13087.0,38.57,5444.0,298.9,122.34,5863.0,1102.4,73.245,0.048195,217.04,1604.2,4.26,69.65,86.63,158800.0,0.7435,1173.0,59.16,23.364,,6.852,0.16268,191.1,609.0,123.29,2.612,72.56,437.7,609.0,57.71,313.55,6.75,1.1223,75.0,2.098
228,2022-01-01,3530.38,269.42,334.8,6878.0,255.53,21916.0,1637.2,3717.6,499.7,453.5,36.53,1108.7,576.95,5587.0,12230.0,37.405,5079.0,287.4,113.8,5481.0,971.5,72.42,0.04378,213.34,1511.0,3.8975,61.65,75.06,148100.0,0.7359,1101.2,57.32,20.501,,7.203,0.1444,169.3,656.2,115.97,2.412,75.26,373.9,575.0,49.6,313.0,6.65,1.048,,2.112
229,2022-02-01,2470.48,131.12,228.0,4915.0,131.3,19052.0,1134.0,1931.2,353.0,313.1,22.42,837.0,307.95,3054.5,10633.0,29.985,3202.0,217.5,79.6,5015.0,495.0,60.055,0.02011,177.5,1315.0,2.579,47.675,62.27,128750.0,0.6542,864.8,36.74,12.63,,5.17,0.09308,120.7,520.0,83.3,1.649,60.54,264.4,392.5,44.55,222.0,4.135,0.6602,,1.707
230,2022-03-01,2703.51,143.69,242.48,5680.0,145.9,20974.0,1450.0,2259.0,411.8,356.3,24.7,973.0,437.5,3318.5,12727.0,36.75,4155.0,238.65,95.7,8045.0,596.0,68.0,0.0198,171.9,1100.0,2.7255,43.9,66.6,119300.0,0.7135,1083.0,37.74,13.909,,5.768,0.11214,178.2,564.8,102.44,1.661,67.5,272.2,485.0,47.9,206.8,5.1,0.754,,1.796
231,2022-04-01,2445.17,128.8,240.4,4699.5,130.4,21550.0,1076.0,1766.6,386.2,357.0,23.69,721.5,409.0,2608.0,13630.0,33.275,4592.5,209.05,80.33,7107.0,560.1,67.5,0.020095,158.6,1095.0,2.6995,44.93,60.39,113300.0,0.8026,856.4,31.14,12.909,,5.577,0.10024,102.0,505.0,133.0,1.437,59.38,227.2,334.5,49.02,185.8,5.565,0.6476,,1.72
232,2022-05-01,2355.75,118.3,293.75,4061.5,111.61,20190.0,910.0,1567.8,392.0,353.2,22.265,564.1,377.0,2111.5,11624.0,35.355,4640.0,254.95,73.8,7125.0,542.9,59.15,0.01831,144.3,974.8,3.16,35.71,57.9,113850.0,0.802,920.0,28.0,12.959,,5.569,0.0951,,500.6,129.83,1.23,54.0,200.9,403.0,48.01,212.7,5.725,0.6427,,1.8935
233,2022-06-01,2204.85,125.2,207.0,3905.0,121.21,17400.0,1024.0,1603.8,429.5,398.9,24.03,377.5,362.25,1804.0,8850.0,34.95,4238.0,273.7,67.7,7880.0,730.1,53.53,0.01778,133.4,830.0,3.33,32.095,63.81,119450.0,0.7846,863.8,26.68,14.5,,4.987,0.09026,,558.4,123.89,1.482,55.72,188.8,299.0,40.79,139.0,5.34,0.5905,,2.029
234,2022-07-01,2213.81,131.9,195.26,3877.0,125.55,16150.0,1052.0,1952.0,409.0,376.1,28.165,270.0,353.0,1950.0,8644.0,29.35,4889.0,243.45,64.5,7441.0,771.0,50.235,0.018585,130.0,733.8,3.233,26.47,60.96,111300.0,0.7701,846.8,27.7,14.766,,4.896,0.0951,,573.8,125.4,1.482,75.78,198.2,303.0,44.0,151.0,4.77,0.8459,,1.879
235,2022-08-01,2400.08,134.25,254.9,4270.0,128.32,16140.0,1133.0,2170.6,456.0,418.0,25.5,376.5,368.0,2712.5,8320.0,28.98,5490.5,236.3,73.1,7918.0,765.8,48.8,0.019345,120.66,754.8,3.21,29.22,60.03,101400.0,0.8004,911.6,28.9,14.662,,5.646,0.09774,,601.0,124.5,1.377,89.3,218.0,352.0,46.95,158.25,5.1,0.5998,,1.8335
236,2022-09-01,1957.31,110.21,217.7,3965.0,105.66,12458.0,969.0,1877.6,362.1,356.2,18.005,250.9,264.05,2374.0,5018.0,22.0,4722.0,191.65,59.99,6305.0,558.7,33.835,0.01493,84.9,622.0,2.583,24.24,53.01,78500.0,0.6906,711.0,23.14,10.679,,5.866,0.07804,,424.8,81.28,1.069,60.02,146.2,304.0,35.4,108.25,3.8,0.486,,1.597
237,2022-10-01,2166.61,126.72,170.27,4695.5,120.56,13758.0,1104.0,2109.0,387.4,366.5,21.71,297.0,333.9,2620.0,6047.0,26.035,5237.0,225.8,66.07,6320.0,614.0,37.115,0.01684,103.08,786.8,3.088,31.17,57.71,96700.0,0.7733,841.4,25.36,12.77,,6.343,0.08734,,488.8,99.57,1.406,69.1,175.8,352.5,42.56,137.5,4.755,0.5728,,1.783
238,2022-11-01,2174.53,136.78,167.7,4614.5,131.54,14384.0,1040.0,1996.6,366.0,352.7,21.745,356.9,336.25,2723.0,7338.5,24.885,4827.0,236.4,64.99,6443.0,613.5,38.675,0.01694,106.48,790.8,3.287,31.565,57.45,88700.0,0.755,752.0,25.02,12.632,,6.241,0.08658,,468.6,101.5,1.385,77.64,170.8,402.5,44.25,133.75,4.69,0.5761,,1.74
239,2022-12-01,2154.12,141.15,162.56,4069.5,140.99,15300.0,1078.4,1817.8,348.5,341.4,21.645,371.2,365.4,2540.0,7692.0,26.13,4340.5,236.4,58.82,6390.0,602.5,40.135,0.01639,117.76,904.0,3.3945,32.865,55.95,87100.0,0.7625,660.8,24.6,11.937,,6.7,0.08634,,462.6,105.5,1.343,82.8,160.7,413.0,43.6,142.7,4.5,0.5566,,1.7455
240,2023-01-01,2225.6,158.07,158.1,3955.0,155.47,15144.0,1029.8,2047.2,328.8,326.8,23.17,476.0,340.75,2772.0,9478.0,28.14,4665.0,249.65,62.0,6465.0,619.1,42.5,0.01695,116.8,929.0,3.4985,35.945,58.61,89300.0,0.7838,673.8,28.0,12.711,,7.611,0.0865,,457.4,113.95,1.48,83.58,177.7,458.0,48.48,156.25,5.36,,,1.772
241,2023-02-01,2253.16,169.82,157.66,3990.0,167.73,14498.0,1065.0,2015.0,328.3,332.2,22.73,499.4,358.4,2567.5,8788.5,27.935,4594.0,260.15,60.52,6763.0,622.0,39.765,0.01646,125.2,1055.0,3.4215,39.07,58.73,91650.0,0.7867,700.0,28.2,13.0,,7.278,0.0893,,481.6,126.76,1.6,88.08,179.1,465.0,48.18,166.8,5.555,,,2.0075
242,2023-03-01,2450.67,216.6,169.83,4352.5,215.84,15010.0,1155.2,1901.6,373.7,369.5,23.52,562.9,380.9,2486.5,9441.5,31.645,4610.0,257.85,65.99,7504.0,654.7,40.4,0.01814,130.44,1050.6,3.705,39.94,61.28,106150.0,0.821,711.0,31.65,14.787,,7.158,0.09916,,507.2,153.82,1.928,100.08,191.8,527.0,48.77,172.3,6.53,,,2.3015
243,2023-04-01,2634.94,240.38,181.13,4674.5,239.39,14572.0,1340.8,2070.6,404.0,406.5,25.085,653.7,393.8,2754.0,10404.0,35.205,4686.5,272.15,67.75,7276.0,688.9,40.865,0.02222,137.28,1002.0,4.07,39.61,65.49,120300.0,0.8274,785.8,40.24,15.791,,6.857,0.10764,,590.0,191.49,1.964,101.22,201.0,614.5,51.34,208.75,7.43,,,2.4385
244,2023-05-01,2717.64,246.17,162.94,5569.0,241.13,14580.0,1298.4,2324.2,443.2,444.3,24.425,625.9,450.1,3317.5,10594.0,31.545,4293.5,317.1,65.79,7692.0,711.6,39.095,0.0222,147.16,1024.0,4.0855,40.67,73.15,133300.0,0.8482,866.0,40.06,15.883,,6.024,0.10332,,738.0,177.2,1.932,116.0,190.3,658.0,50.23,192.95,8.0,,,2.711
245,2023-06-01,2797.37,239.61,166.86,5079.0,236.96,14726.0,1335.0,2439.6,505.7,501.5,28.44,523.4,482.35,3280.0,10804.0,41.79,5156.0,296.75,70.3,7310.0,758.3,39.23,0.021685,172.74,1174.0,4.037,47.41,71.83,141950.0,0.8632,975.0,42.7,17.466,,6.785,0.09916,,869.0,179.92,1.793,168.88,190.2,658.5,50.39,188.1,9.77,,,3.1105
246,2023-07-01,3073.5,267.4,174.33,5938.0,265.29,16712.0,1519.4,2635.0,523.5,515.5,29.785,556.4,508.75,3546.5,11892.0,46.795,5797.5,290.1,85.5,7548.0,783.9,44.18,0.025815,211.44,1367.6,4.1605,53.5,74.79,122400.0,0.8698,1114.2,45.63,18.875,,7.256,0.12224,,774.6,216.64,2.137,208.02,218.3,614.5,73.1,226.55,10.275,,,3.027
247,2023-08-01,3227.99,264.85,177.99,6830.0,264.75,16832.0,1684.8,2689.0,590.2,584.6,31.34,,556.15,3670.5,11671.0,49.765,6080.0,284.1,81.27,7314.0,827.0,42.0,0.028825,204.3,1427.4,4.192,55.765,75.88,132850.0,0.9917,1242.4,44.02,18.385,,7.092,0.13226,,748.2,206.01,2.379,265.8,196.0,664.5,85.99,235.2,15.1,,,3.0445
248,2023-09-01,3133.26,260.72,167.09,6677.0,260.41,16188.0,1666.2,2402.2,625.4,614.3,31.53,515.1,537.0,3258.5,11418.0,57.935,5505.0,275.05,73.81,6783.0,742.4,41.285,0.0257,209.42,1368.4,4.2925,52.46,73.42,142100.0,0.8734,1190.8,41.5,17.18,,7.04,0.12528,,705.4,202.81,2.306,220.98,186.2,639.0,79.44,225.25,12.96,,,3.076
249,,3200.97,,,,,,,,,,,,,,,,,,,,,,,,,,,,,,,,,,,,,,,,,,,,,,,,
